行,取引先ID,法人番号,取引先名,元H判定,I列_検証結果,J列_ソース
2,001Nn00000eVELJ,1050001001165,常洋水産株式会社,○,○ 妥当（1次の△を覆す）：どちらの数値を採っても300億を大きく超え、架電可否の結論は動かない。追加でjoyosuisan.com「会社概要」「ごあいさつ」を3クエリ再検索したが、いずれも1次と同じ「2025年3月期 売上高388.39億円／経常利益6.08億円／従業員 男220名・女136名（2025年3月31日現在）」を返した。従業員数の基準日が2025年3月31日で固定されている＝検索インデックスが1期前のスナップショットであることを示しており、G列の398.64億円（2026年3月期）と矛盾しない（388.39億→398.64億で前期比+2.6%）。加えてRULES §6-1は当該ページの表記が「398. 64億円」と小数点が分断されている実例として記録し、§8は常洋水産398.64億をローカルスクレイパーとエージェントの独立2手法で一致確認済みと記録している。法人格は株式会社、独立系（親会社）、出典は自社HP会社概要＝承認ソース①、鮮度も§3-8を満たす。1次の「要再確認」のままでは架電できたはずの企業を落とす側の実害（RULES §1）が出るため○に倒す。残る論点はG列の期表記のみで、判定・金額規模には影響しない。,https://www.joyosuisan.com/%E4%BC%9A%E7%A4%BE%E6%A6%82%E8%A6%81; https://www.joyosuisan.com/%E3%81%94%E3%81%82%E3%81%84%E3%81%95%E3%81%A4
3,001Nn00000eVELT,9300001008400,伊藤ハム米久フーズ株式会社,○,"○ 妥当：伊藤ハム米久HDの子会社だが単体で1,200億円級＝300億超のため子会社ルール（§3-3）を満たす。法人格は株式会社、出典はグループ公式サイト（承認ソース）。なお同ドメイン内の採用ページ（会社／伊藤ハム米久フーズ）では「売上高1,219億円」表記、外部集計では2025年3月期1,231.76億円とされており、G列の1,228億円とは期ずれによる差異の可能性がある。300億基準に対して桁が大きく離れているため判定への影響はなし。",https://www.itoham-yonekyu-holdings.com/foods/; https://www.itoham-yonekyu-holdings.com/Portals/0/saiyo/group/foods/
4,001Nn00000eVELU,2010401046060,フォンテラジャパン株式会社,○,"△ 要再確認：金額自体は整合。第45期（2025年7月期）売上高約859.7億円は独立の検索結果でも一致し、§6-6で警告されている流通値「800億2,500万円」（Yahoo!しごとカタログ／SalesNow／Baseconnect）に引きずられていない点は良い。問題は出典で、H列・J列のURLがcatr.jp（官報決算公告を収録した民間二次サイト）である。官報そのものは承認ソースだがcatr.jpは官報ではなく、RULES §7-1で先方の承認可否が未確定のまま。○＝架電OKの根拠がcatr.jp単独であるため、官報原本または自社公表資料への差し替え、もしくは濱本さんへのcatr.jp可否確認が必要。法人格は株式会社で問題なし、外資日本法人だが単体859.71億円で300億超。",https://catr.jp/companies/620b2/148115/settlements/cc9b1/435657; https://ryo-nakamura1.hatenablog.jp/entry/2026/01/30/170000_4
5,001Nn00000eVEba,6180001081173,ヤマザキマザックトレーディング株式会社,△,"○ 妥当：H列の記載内容を裏取りできた。catr.jpの同社ページに収録されているのは第56期（1,002.81億円）・第57期（1,316.48億円）・第58期（1,445.88億円）までで、それ以降の売上高開示は検索でも発見できず。H列の「2020年3月期時点では1,445.88億円（第58期）」は金額・期ともに整合し、§3-8（直近3期以内でなければ確認不可）に従ってG列「確認不可」・H列△とした処理はルール通り。当たったソースの列挙もある。なお参考値の出典がcatr.jpである点は§7-1の未確定事項だが、結論が除外側のため架電事故のリスクはない。",https://catr.jp/companies/6a0df/27605; https://catr.jp/settlements/d7da0/189352; https://www.mazak.com/jp-ja/about-us/company-outline/
6,001Nn00000eVM5f,7010001034873,カーギルジャパン合同会社,×,○ 妥当：社名どおり合同会社であり§3-6により法人格NG。売上高を調べる必要がなく、G列「対象外（合同会社）」・H列「× 法人格」の書式もルール§4通り。RULES §8の検出済み事例（6行目 カーギルジャパン合同会社）とも一致。,
7,001Nn00000eVM5o,2010401082262,東和産業株式会社,△,○ 妥当：法人番号2010401082262はgBizINFO上「東和産業株式会社（東京都港区新橋3-20-1）」で、towa-js.co.jp（UNO／DUO／ZoRoN／アサヒを運営するアミューズメント企業、1974年設立、代表 岸野誠）と一致。§6-2の同名法人取り違えはなし（冷凍空調の東和産業株式会社・家庭日用品のTOWA東和産業とは別法人）。売上高は「2025年4月期982億円／2024年4月期923億円」がマイナビ転職・doda・Baseconnect・NIKKEI COMPASS等の禁止ソースにのみ掲載され、自社HP企業情報には売上高記載なし。§6-6そのものの型であり、G列「確認不可」・H列△は正しい。軽微な点として、H列のURLは/business/company-information/だが検索でヒットする企業情報ページは/business/company.htmlであり、リンク切れの可能性があるため差し替えが望ましい。,https://info.gbiz.go.jp/hojin/ichiran?hojinBango=2010401082262; http://www.towa-js.co.jp/business/company.html
8,001Nn00000eVM5z,1180001093025,加藤化学株式会社,△,"○ 妥当：自社HPの企業情報ページおよび採用サイト「ABOUT（数字で見る加藤化学）」を検索で当たったが、いずれにも売上高の記載を確認できなかった。RULES §6-6が「加藤化学 → 確認不可が正解」と名指しで記載している事例そのもので、流通している『2024年3月期 761億8,200万円』（就活会議・Baseconnect・doda等）を採用していない点も正しい。G列「確認不可」・H列△＋当たったソースの列挙という書式も§4に適合。",https://www.katokagaku.co.jp/corporate/company.html; https://www.katokagaku.co.jp/saiyo/about/
9,001Nn00000eVM6E,6180001036004,ゴムノイナキ株式会社,○,"○ 妥当：自社HP会社概要（inaki.co.jp/company/profile.html）で「売上高428億円（2026年4月期／海外子会社を除く＝単体）」を確認でき、G列の428.20億円（42,820百万円）と桁・単位ともに一致。決算期4月30日という記載も整合。法人格は株式会社、承認ソース①（自社公式サイト会社概要）で300億超が裏取りできており○判定は正しい。",https://inaki.co.jp/company/profile.html
10,001Nn00000eVM6U,2180001094419,豊田スチールセンター株式会社,×,"○ 妥当：第66期（決算末日2026年3月31日）売上高189億6,500万円を独立に確認でき、G列の189.65億円と完全一致。前期第65期は200.36億円で推移も整合。法人番号2180001094419はgBizINFO上「豊通メタルソリューションズ株式会社」となっており、H列の商号変更の注記も正しい。豊田通商の子会社で単体300億未満＝§3-3により一律NG、G列の【300億未満】プレフィックスも§4通り付与されている。旧基準686.64億円の併記も§6-3の要求どおり。",https://info.gbiz.go.jp/hojin/ichiran?hojinBango=2180001094419; https://catr.jp/companies/f5f17/26831; https://prtimes.jp/finance/2180001094419/settlement
11,001Nn00000eVM6a,6010701007411,株式会社ＪＡＬＵＸ,○,○ 妥当：親子関係の記載は正しく、JALUXはSJフューチャーHD48.14%／双日22.22%／日本航空21.56%／日本空港ビルデング8.08%の出資構成で日本航空の連結子会社。子会社だが単体426.92億円で300億超のため§3-3を満たし、出典もjalux.com（自社サイトの決算公告PDF）＝承認ソース。§6-4の確定値（単体426.92億円／連結892.26億円）とも一致。ただし軽微な整合性の問題として、H列は単体を第65期（2026年3月期）としながら参考の連結値を2025年3月期と記載しており期がずれている。また検索上はjalux.comの決算公告ページで確認できる最新が第64期と表示され、引用PDF（jalux_closing_2606.pdf）の存在をWebSearchでは確認できなかった。金額・判定への影響はないが期の表記は整理が望ましい。,https://www.jalux.com/profile/fin_announcements.html; https://www.jalux.com/profile/information.html
12,001Nn00000eVM6f,4100001025387,綿半ソリューションズ株式会社,○,"○ 妥当：出典が綿半HDの有価証券報告書「関係会社の状況」＝承認ソース②で、子会社単体値を親の連結値と取り違えていない（§6-4クリア）。綿半HDの2026年3月期連結売上高が1,354.51億円であること、および綿半ソリューションズが「売上高（内部売上高を除く）の連結売上高に占める割合が10%超」の関係会社として有報に記載されていることを確認でき、単体376.34億円という規模感と矛盾しない。単体300億超のため子会社ルールも満たす。なお有報PDF本文はWebSearchの全文検索対象外のため376.34億円という数値そのものの再読み取りはできていない（同社の官報決算公告は貸借対照表のみで売上高非掲載）。",https://catr.jp/settlements/60eef/208272; https://catr.jp/companies/65fc6/20903; https://finance.yahoo.co.jp/quote/3199.T/financials
13,001Nn00000eVM6p,4500001004796,ヤマキ株式会社,○,○ 妥当：自社HP「ヤマキの想いと会社概要」に「売上高 524億円（2025年度）」「社員数682名（2026年4月現在）」と明記されているのを確認でき、G列・H列の記載およびURLが完全に一致。法人格は株式会社、承認ソース①（自社公式サイト会社概要）、鮮度も直近期で§3-8を満たす。,https://www.yamaki.co.jp/corporate/greeting.html
14,001Nn00000eVU37,1240001030013,エフピコ商事株式会社,○,"○ 妥当：自社ドメイン内の採用ページ「数字で見るエフピコ商事」（承認ソース系統⑨）に「売上高 309億円（2025年3月期）」と記載されているのを確認でき、G列と一致。同ページの従業員数が「2026年1月時点189名」と最新のため、2025年3月期が現時点の最新公表値と判断でき§3-8も満たす。エフピコの子会社だが単体309億円で300億以上のため§3-3をクリアしており、親の連結値2,221億円を流用していない点も正しい。ただし基準300億に対し9億円しか余裕がないため、次期公表値が出たら再チェック推奨。",https://www.fp-trading.jp/recruit/number/; https://www.fp-trading.jp/company/outline/
15,001Nn00000eVVX8,8140001059873,大和工業株式会社,○,"○ 妥当：2026年3月期決算短信（2026年4月30日開示）の連結売上高1,603億8,900万円＝160,389百万円＝1,603.89億円を独立に確認でき、G列・H列の金額、決算期、連結の別、開示日すべて一致。桁の検算も一致（160,389百万円÷100＝1,603.89億円）。上場親会社のため連結値の採用は§3-3に適合。H列のxj-storage URLの文書番号140120260428513638も、検索でヒットした開示PDF（20260428513638.pdf）と同一文書。",https://finance-frontend-pc-dist.west.edge.storage-yahoo.jp/disclosure/20260430/20260428513638.pdf; https://www.yamatokogyo.co.jp/ir/library/summary.php; https://www.nikkei.com/article/DGXZQOUF305O80Q5A430C2000000/
16,001Nn00000eVVXG,3470001000263,アオイ電子株式会社,○,"○ 妥当：2026年3月期決算短信（2026年5月8日）の連結売上高38,323百万円＝383.23億円を確認でき、G列・H列の金額・決算期・連結の別・開示日、さらにH列のURLまで検索結果と完全一致。桁の検算も一致（38,323百万円÷100＝383.23億円）。内訳（集積回路33,874百万円＋機能部品4,445百万円＝38,319百万円、ほぼ一致）とも整合。上場企業・株式会社・承認ソース②（決算短信）で問題なし。",https://www.aoi-electronics.co.jp/wp-content/uploads/2026/05/20260508-1.pdf; https://www.aoi-electronics.co.jp/ir_category/library/summary/
17,001Nn00000eVVXR,3140001012993,株式会社合食,○,○ 妥当。みなと新聞(みなと山口合同新聞社=新聞社ソース、§3-4④)で「2026年3月期・単体・売上高360億9200万円(前期比6.7%減)」を確認、G列360.92億円と一致。決算期・単体の別も一致。株式会社・独立系親会社で単体300億超のため○で正しい。※H列記載の記事URL(163557)自体は検索結果に現れなかったが、同紙の合食決算記事連番(23年3月期134332/24年3月期144088/25年3月期153769)と内容が整合。,https://www.minato-yamaguchi.co.jp/minato/e-minato/articles/tag/s/合食; https://www.minato-yamaguchi.co.jp/minato/e-minato/articles/153769
18,001Nn00000eVVXT,4120901008588,株式会社モリタ,○,"○ 妥当。自社HP会社概要(承認ソース①)に「売上高 1,081億8,366万円(2026年3月末現在)」の記載を確認、G列1,081.84億円と一致(1,081億8,366万円→1,081.84億円、検算OK)。§6-2の同名企業リスクはgBizINFOで法人番号4120901008588＝大阪府吹田市垂水町3-33-18・歯科医療機器卸・従業員1,011名と照合でき、消防車のモリタ(モリタHD系)ではないことを確認。",https://japan.morita.com/company/profile/index.html; https://info.gbiz.go.jp/hojin/ichiran?hojinBango=4120901008588
19,001Nn00000eVVXV,5010001008788,株式会社丸山製作所,○,"○ 妥当。自社IR決算短信(2025年11月14日開示)で2025年9月期・連結売上高41,266百万円を確認。41,266百万円=412.66億円で桁の検算OK、G列と一致。上場親会社のため連結値採用も§3-3に適合。H列のPDF URLも検索結果と完全一致。",https://www.maruyama.co.jp/assets/pdf/library/brief/20251114.pdf; https://www.maruyama.co.jp/ir/library/brief/
20,001Nn00000eVVXY,5080401003894,日星電気株式会社,○,○ 妥当(注記あり)。出典の自社採用ページ「データで見る日星電気」(自社ドメイン内、§5-3⑨の承認ソース)は実在を確認。売上高は独立検索で「460億円(2025年11月)」「440億円(2024年11月)」と同社ページ由来の値が返り、G列約460億円と整合。非上場・独立系(住友電工等の子会社である事実は確認できず)のため§3-3では親会社扱いとなり単体でもグループでも300億超で○。※ただし同社は11月期決算とみられ、G列「2025年度」は「2025年11月期」と明記した方が正確。,https://www.nissei-el.co.jp/recruit/data/; https://www.nissei-el.co.jp/company/outline/
21,001Nn00000eVVXZ,6010401016712,アボットジャパン合同会社,×,○ 妥当。社名のとおり合同会社であり§3-6により法人格NG。G列「対象外（合同会社）」・H列「× 法人格。直アポ大は株式会社のみ。合同会社のため対象外」はいずれも§4の記入例どおりで、売上高を調べる必要もない(§3-1①)。RULES§8の既検出例(21行目 アボットジャパン合同会社)とも一致。,
22,001Nn00000eVVXc,7290001012769,株式会社翔薬,○,"△ 要再確認：出典がcatr.jp（官報決算公告を収録した民間の二次サイト）で、RULES§7-1のとおり先方が承認ソースとして認めるか未確定。認められない場合は△に倒す必要があるため、現状のH列「○」は確定できない。金額自体は独立検索でも2026年3月期・売上高1,970億6,800万円(前年比6.56%増)と一致し、スズケン完全子会社だが単体で300億超という子会社判定(§3-3)は正しい。自社HP会社概要・スズケンIRでの売上高記載は今回も確認できず、承認ソースは官報決算公告の原本のみ。",https://catr.jp/companies/546e2/14488; https://www.shoyaku.com/company/companyinfo/index.html
23,001Nn00000eVVXe,1010001034994,日本パーカライジング株式会社,○,"○ 妥当。2026年3月期第3四半期(累計)連結売上高1,010億16百万円(前年同期比4.7%増)を自社IR開示で確認でき、通期138,155百万円=1,381.55億円と整合(桁の検算OK)。上場親会社のため連結値採用は§3-3に適合し、単体45,776百万円=457.76億円でも300億超。※通期確報の数値そのものはWebSearchのsnippetでは再現できず、四半期開示との整合による確認。",https://www.parker.co.jp/ja/ir/room/accounting.html; https://www.parker.co.jp/ja/_pdf/topics/03acda2947b22aeaa58a6c2fbe453848c01fc90a.pdf
24,001Nn00000eVVXf,7500001014710,ユニ・チャームプロダクツ株式会社,○,"○ 妥当。出典の自社HP決算公告ページ(unicharmproducts.co.jp/kessan/、承認ソース①/§5-3⑤)の実在を確認。256,886,573千円=2,568億8,657万円→2,568.87億円で桁の検算OK。ユニ・チャーム100%子会社だが単体で300億を大きく超えるため§3-3の子会社基準を満たし判定○は正しい。RULES§5-3の既検証実績(ユニ・チャームプロダクツ2,568.87億円)とも一致。※PDF本文の数値はsnippetでは再現できず。",https://www.unicharmproducts.co.jp/kessan/
25,001Nn00000eVVXi,5190001014736,株式会社グリーンズ,○,"○ 妥当。2026年6月期決算短信(2026年8月13日適時開示)で連結売上高53,998百万円(前期比8.8%増)を確認、53,998百万円=539.98億円で桁の検算OK、決算期・連結の別ともG列と一致。上場親会社のため連結値採用も§3-3に適合。",https://www.nikkei.com/nkd/disclosure/tdnr/20260811517439/; https://finance.yahoo.co.jp/quote/6547.T/financials
26,001Nn00000eVVXj,6010701026130,東罐興業株式会社,○,○ 妥当。自社HP会社概要ページ(承認ソース①)の実在を確認。金額はRULES§8で独立2手法により670億で一致確認済みの行であり、加えて決算公告ベースの第114期売上高約644.8億円という前期水準とも整合する(670億は+約4%)。東洋製罐グループHDの子会社だが単体670億円で300億超のため§3-3の子会社基準を満たし判定○は正しい。※会社概要ページ本文の数値はsnippetでは再現できず。,https://www.tokan.co.jp/company/outline/; https://www.tokan.co.jp/company/
27,001Nn00000eVVXk,3120101026862,株式会社近商ストア,○,○ 妥当。出典の自社HP会社概要・沿革ページ(承認ソース①)の実在を確認し、独立検索でも「近商ストアの売上高は2025年3月実績で581億円」と返りG列(2024年度＝2025年3月期・581億円)と一致。近鉄リテールHDの子会社だが単体581億円で300億超のため§3-3の子会社基準を満たす。決算期も直近3期以内で§3-8に適合。※会社概要ページ本文の数値はsnippetでは再現できず。,https://www.kinshostore.co.jp/company/overview/; https://www.kintetsu-g-hd.co.jp/group-info/distribution.html
28,001Nn00000eVVXr,1010001092605,ヤマト運輸株式会社,○,"○ 妥当。1,677,534百万円=1兆6,775億3,400万円→16,775.34億円で桁の検算OK。出典の自社HP電子公告(決算公告)は同ディレクトリの第20期公告(kessan_koukoku_202403.pdf)の実在が確認でき、H列URL(kessan_koukoku_202603.pdf=第22期・2026年3月期)は命名規則と期ずれが整合。ヤマトHDの子会社だが単体で300億を大幅超のため§3-3を満たし、運送業のため営業収益を採用した旨もH列に明記済み(§3-7に適合)。",https://www.kuronekoyamato.co.jp/ytc/corp/corporate/pdf/kessan_koukoku_202403.pdf; https://www.yamato-hd.co.jp/investors/financials/result.html
29,001Nn00000eVVaw,1010401021766,株式会社ニッショク,○,保留 検証不可：G列505.52億円(2025年3月期)を承認ソースで確認できず。当たった経路=①自社HP企業情報 http://www.nisshoku.com/about/ (ページ実在・東京都港区浜松町・1976年創業・病院/介護/学校向け食材供給までは確認できたが売上高の記載を確認できず) ②gBizINFO(法人番号1010401021766で法人の存在と社名は照合できたが財務情報なし) ③官報決算公告・EDINET・新聞記事(該当なし) ④一般検索では「500億円を超える売上」の記述がIndeed等の求人媒体=禁止ソース(§3-4/§6-6)にしか見当たらず。加えて同社は富士産業(株)の食材仕入れ部門として創業した経緯があり、富士産業グループの子会社であれば§3-3の子会社判定(単体300億以上のみ可)と単体/連結の別の明示が必要。親子関係の裏取りも併せて再確認されたい。,http://www.nisshoku.com/about/; https://info.gbiz.go.jp/hojin/ichiran?hojinBango=1010401021766
30,001Nn00000eVVcg,8010401054826,日本甜菜製糖株式会社,○,"○ 妥当。2026年3月期・連結売上高686.96億円(前期比6.0%増)を確認、68,696百万円=686.96億円で桁の検算OK、決算期・連結の別ともG列と一致。上場親会社のため連結値採用も§3-3に適合。H列のPDFも自社IRドメイン(nitten.co.jp)配下で承認ソース。",https://www.nitten.co.jp/ir/library/financial/; https://www.nitten.co.jp/dcms_media/other/2026-2Q_Supplementary_explanation.pdf
31,001Nn00000eVVci,2290001041302,株式会社リョーユーパン,○,"○ 妥当。出典の自社HP会社案内ページ(承認ソース①)の実在を確認し、独立検索でも「連結年商474億円、単体412億円(2026年3月期)、グループ従業員1,198名、本社=福岡県大野城市」と返りG列474億円(2026年3月期・グループ連結)と一致。同社はリョーユーパングループの親会社のため連結値採用は§3-3に適合し、仮に単体412億円で判定しても300億超のため結論は変わらない。",https://www.ryoyupan.co.jp/about/; https://www.ryoyupan.co.jp/about/group/
32,001Nn00000eVVjy,4010001102162,株式会社デジタルホールディングス,×,○ 妥当。H列記載の決算短信URL（2025年12月期・2026年2月9日開示）が自社IRサイト上に実在することを検索で確認。博報堂DYHDのTOBによる2026年3月19日上場廃止も同短信の記載どおり。131.02億円はRULES.md §6-3の記載値と一致し、旧基準616.46億円の併記も§6-3の要求を満たす。×（300億未満）判定は正しい。,https://www.digital-holdings.co.jp/files/topics/5586.pdf; https://www.digital-holdings.co.jp/ir/latest_documents/
33,001Nn00000eVVlk,2010401092245,日本マイクロソフト株式会社,○,"○ 妥当（ただし2点注記）。H列記載の日経クロステック記事URLは実在し、内容も「官報決算公告（2023年11月13日）に基づき2023年6月期＝2022年7月〜2023年6月の売上高は前年比15.4%増の1兆223億円」でG列と一致。桁も1兆223億円＝10,223億円で誤読なし。注記(1)決算期が2023年6月期＝3期前で§3-8「直近3期以内」の下限。同誌には2024年売上高ランキング記事があり、より新しい期の数値が存在する可能性が高いので更新推奨。注記(2)日経クロステックは日経BP（出版社）であり§3-4の「新聞社」に該当するかはグレー（禁止ソースではない）。金額規模（1兆円）から300億基準の充足自体に疑義はなく○判定は妥当。",https://xtech.nikkei.com/atcl/nxt/column/18/00848/00119/; https://xtech.nikkei.com/atcl/nxt/column/18/00848/00153/
34,001Nn00000eVVly,4012401007544,キユーピータマゴ株式会社,○,"○ 妥当（URLパスのみ要確認）。キユーピー第113期有価証券報告書は「事業年度 自2024年12月1日（第113期）」＝2025年11月期・2026年2月24日提出でG列の決算期と一致。同有報の「関係会社の状況」にキユーピータマゴ㈱が連結売上高比10%超の関係会社として記載されていることも確認。単体1,287.50億円は子会社単体値の採用で§3-3準拠、300億以上で○判定は正しい。ただし検索でヒットした実URLは https://www.kewpie.com/ir/pdf/ir_download/ir_20260224_113_yuho.pdf でH列記載の /ir/pdf/annual_report/2026/ 配下とパスが異なる。128,750百万円という数値自体は承認ソース上で直接再確認できなかった（禁止ソース側に128,700〜128,750の記載が流通）。",https://www.kewpie.com/ir/pdf/ir_download/ir_20260224_113_yuho.pdf; https://www.kewpie.com/ir/library/report/
35,001Nn00000eVVlz,2180001104978,ポッカサッポロフード＆ビバレッジ株式会社,○,"○ 妥当（数値は間接確認）。サッポロHDの有報「関係会社の状況」にポッカサッポロF&Bが連結売上高比10%超の連結子会社として主要な損益情報付きで記載されることを sapporoholdings.jp 上で確認。第102期＝2025年12月期も、同社第90期＝2013年12月期の有報から逆算して整合。ただし58,516百万円という数値そのものは承認ソース上で直接再確認できず、一致する記載はYahoo!しごとカタログ等の禁止ソースのみだった（§6-6注意）。2025年12月期第3四半期短信の食品飲料セグメント外部売上収益861.90億円（9か月）と規模感は整合し、単体が300億を下回る可能性は実質なく、子会社単体値の採用・○判定は妥当。",https://www.sapporoholdings.jp/ir/library/securities_report/; https://www.sapporoholdings.jp/ir/library/brief/items/2025__09_tanshin.pdf
36,001Nn00000eVVm1,5010901028646,株式会社成城石井,○,"○ 妥当。ローソン第49期有価証券報告書（事業年度 自2023年3月1日 至2024年2月29日）の該当URLが実在し、成城石井の営業収益112,544百万円＝1,125.44億円・営業利益12,247百万円、連結営業収益の10%超の連結子会社との記載を確認。子会社単体値の採用で§3-3準拠、300億以上で○判定は正しい。鮮度は2024年2月期＝§3-8の直近3期の下限だが、ローソンの非上場化により以後の有報が存在しないためH列の注記どおりやむを得ない。",https://www.lawson.co.jp/company/ir/library/pdf/yuuka/yuuka_49.pdf; https://www.nikkei.com/nkd/disclosure/ednr/20240522S100TH3U/
37,001Nn00000eVVm3,4010001074187,株式会社ＢｕｙＳｅｌｌ　Ｔｅｃｈｎｏｌｏｇｉｅｓ,○,"○ 妥当。2025年12月期決算短信（2026年2月13日開示・日本基準・連結）で連結売上高100,614百万円＝1,006.14億円（前期比67.8%増）、営業利益9,044百万円を確認。桁・決算期・連結の別いずれもG列と一致。親会社（上場・連結）値の採用で§3-3準拠、○判定は正しい。",https://finance-frontend-pc-dist.west.edge.storage-yahoo.jp/disclosure/20260213/20260213560878.pdf; https://buysell-technologies.com/ir/settlement/
38,001Nn00000eVVm4,3470001004116,株式会社ヤマウチ,○,"△ 要再確認：子会社にグループ値を適用しており§3-3/§6-4違反の疑い。親会社オカモトグループの公式サイトに「オカモトホールディングスの100％子会社である株式会社ヤマウチ」と明記されており、ヤマウチは持株会社オカモトHD（グループ31社・2026年3月期合計売上高2,051億円）の完全子会社。2011年に株式会社オカモトのM&Aで完全子会社化された旨も同グループ紹介ページで確認。よってH列の「ヤマウチグループの親会社」という説明は不完全で、直アポ大の判定上は「子会社」に該当し、単体300億以上でなければNG。一方G列の531億円（2026年3月期）は自社サイト上も「ヤマウチグループ」の売上高であり単体値ではない（同社グループ紹介ページは2024年8月時点でグループ430店舗・売上420億円超と記載）。株式会社ヤマウチ単体の売上高は承認ソースで確認できなかったため、現状のままでは○ではなく△確認不可（直アポ大に載せない）に倒すべき。単体値がオカモトHDの開示等で取得できれば覆る余地あり。",https://www.okamoto-group.co.jp/jp/company/group/about/; https://www.okamoto-group.co.jp/jp/news/shopinfo/2023/detail/post_66.html; https://y-grp.com/company/profile/; https://y-grp.com/company/group/
39,001Nn00000eVVmA,2190001015290,株式会社扇港電機,○,"○ 妥当。自社サイト（扇港グループ）で2025年度実績の売上高1,229億円が(株)扇港電機＋(株)ネスコの2社連結値であること、従業員1,005名（2026年4月21日現在）、拠点72、電材卸で全国3位という記載を確認。扇港電機の本社は三重県四日市市北浜町8番16号（法人番号2190001015290の三重県所在と整合）、ネスコは静岡市葵区神明町78番で2002年2月設立の傘下会社であり、扇港電機が親会社という理解も裏取りできた。親会社のグループ連結300億超で§3-3の「ホールディングスはグループ連結300億円超で可」に該当、○判定は正しい。",https://www.senko-grp.co.jp/business.html; https://www.senko-grp.co.jp/info.html; https://www.senko-grp.co.jp/nesco.html
40,001Nn00000eVVmB,8010001008810,株式会社リョーサン,○,"○ 妥当（単体値は間接確認）。リョーサン菱洋HDの2026年3月期決算短信（2026年5月14日開示）で連結売上高3,599億48百万円を確認でき、リョーサン単体1,450.39億円はその約40%で整合。2026年4月1日にリョーサンが菱洋エレクトロを統合し「リョーサン菱洋株式会社」となった旨も自社サイトで確認でき、H列の注記どおり（法人番号は不変）。子会社に対し連結ではなく単体値を採用しており§3-3/§6-4準拠、300億以上で○判定は正しい。ただし145,039百万円という単体数値自体はEDINET有報PDFを直接参照できずWebSearchでは再確認できなかった。",https://finance-frontend-pc-dist.west.edge.storage-yahoo.jp/disclosure/20260514/20260501516302.pdf; https://www.nikkei.com/nkd/disclosure/tdnr/20260501516302/; https://www.ryosan.co.jp/ir/finance/
41,001Nn00000eVVmC,9120001044397,杉本商事株式会社,○,"○ 妥当。2026年3月期決算短信〔日本基準〕（連結）で売上高486億1,100万円＝48,611百万円（前期比1.7%減）、営業利益20億4,700万円、経常利益25億5,000万円を確認。G列の金額・決算期・連結の別すべて一致。中間期（2025年10月29日開示）の売上高227億74百万円とも通期水準として整合。上場親会社の連結値採用で§3-3準拠、○判定は正しい。",https://www.sugi-net.co.jp/for_investors/financial_indicator.html; https://www.sugi-net.co.jp/corp/wp-content/uploads/2026/04/2026%E5%B9%B43%E6%9C%88%E6%9C%9F%E6%B1%BA%E7%AE%97%E8%AA%AC%E6%98%8E%E8%B3%87%E6%96%99.pdf
42,001Nn00000eVVmK,8060001019712,株式会社キリウ,△,○ 妥当（△判定が正しい）。住友商事の公式サイトでキリウが2004年7月に住友商事グループ入りし100%子会社であること、2017年2月27日の株式交換（住友商事99.76%＋住商アビーム0.24%）で完全子会社化されたことを確認。したがってキリウは子会社であり§3-3により連結834億円は使えず、単体300億以上の裏取りが必須。単体売上高は自社HPでも非公表で、住友商事連結売上高に対する比率が小さく有報の関係会社の状況にも単体損益は載らないため、承認ソースからは取得不能。G列「確認不可」・H列△（当たったソースの列挙あり）は§3-5/§4の要件を満たしており、リストから外すのが正しい結論。,https://www.sumitomocorp.com/ja/jp/business/case/group/kiriu; https://www.sumitomocorp.com/-/media/Files/hq/news/release/2017/20170227_3/29793_ext_31_0.pdf; https://www.kiriu.co.jp/company/profile/
43,001Nn00000eVVmL,2330001009393,合志技研工業株式会社,×,"○ 妥当（×判定が正しい）。自社HP会社情報で株主構成が本田技研工業95.00%／三恵技研工業5.00%と明記されており、H列の「本田技研工業95%出資の子会社」は裏取りできた。同ページに決算公告PDFが期別に掲載されていることも確認（第53期＝令和8年3月期＝2026年3月期でG列の決算期と整合）。検算：16,468,582千円＝164.68582億円→164.69億円で一致、連結72,341,707千円＝723.42億円も一致。熊本日日新聞の2023年3月期記事の連結721億6,800万円とも規模が整合。子会社かつ単体164.69億円＜300億のため一律NGで×判定は正しく、G列の【300億未満】表記も仕様どおり。",https://www.goshigiken.com/about/; https://kumanichi.com/articles/1470967; https://kumanichi.com/articles/1082700
44,001Nn00000eVVmP,6040001027017,東洋合成工業株式会社,○,"○ 妥当。H列記載URLがそのまま「2026年3月期 決算短信〔日本基準〕(非連結) 2026年5月8日 東洋合成工業株式会社 コード番号4970」として実在することを確認。売上高は過去最高の419.5億円（前期比+9%）で、41,956百万円＝419.56億円とG列が一致。非連結（単体のみ）の上場会社で単体300億以上、○判定は正しい。",https://www.toyogosei.co.jp/news/20260508_FY2025financial_results.pdf; https://www.toyogosei.co.jp/ir/library/ca.html
45,001Nn00000eVVmU,8010401024011,株式会社博報堂,○,"○ 妥当（単体値は間接確認）。博報堂DYHDの2026年3月期決算（2026年5月12日開示）で連結収益8,610億3百万円・営業利益446億75百万円を確認でき、博報堂単体の収益376,728百万円＝3,767.28億円は連結の約44%で最大の事業会社として整合。子会社に対し連結ではなく単体値を採用しており§3-3/§6-4準拠、収益認識基準による「収益」表記の注記も§3-7準拠。300億以上で○判定は正しい。ただし376,728百万円という単体数値自体はEDINET有報PDFを直接参照できずWebSearchでは再確認できなかった。",https://www.nikkei.com/nkd/disclosure/tdnr/20260511523182/; https://www.nikkei.com/nkd/company/ednr/?scode=2433
46,001Nn00000eVVmX,6120001045084,ダイダン株式会社,○,"○ 妥当。H列記載URLがそのまま「2026年3月期 決算短信〔日本基準〕（連結）2026年5月13日 ダイダン株式会社 コード番号1980」として実在し、完成工事高（売上高）256,228百万円＝2,562.28億円、営業利益34,479百万円、経常利益35,770百万円を確認。G列の金額・決算期・連結の別すべて一致。上場親会社の連結値採用で§3-3準拠、○判定は正しい。",https://www.daidan.co.jp/wp/wp-content/uploads/2026/05/a687a801b4ae9de13699fe6845246e3c.pdf; https://www.daidan.co.jp/ir/library/financial-statements/
47,001Nn00000eVVmY,5011501002891,日本リーテック株式会社,○,○ 妥当 自社HP会社概要に「年商657億円〔連結：740億円〕（2026年3月期）」の記載を確認。東証プライム上場の親会社であり連結740億円の採用は§3-3に適合。単体657億円でも300億超で結論は変わらない。株式会社・承認ソース（自社HP）ともルール通りで判定○も正しい。,https://www.j-rietec.co.jp/company/outline/;https://www.j-rietec.co.jp/ir/results/
48,001Nn00000eVVma,5020001018027,千代田エクスワンエンジニアリング株式会社,○,"○ 妥当 2026年3月期の単体売上高937億4,724万9千円（前期比+52.43%、前期615億円）を官報決算公告ベースの記録で確認でき、G列937.47億円と一致。H列が引く千代田化工建設 第98期有報も事業年度2025/4/1〜2026/3/31・提出2026年6月18日・書類番号S100YEDHで実在を確認、決算期表記も正しい。千代田化工建設の子会社だが単体で300億超のため○判定は§3-3に適合。",https://catr.jp/companies/6c4ba/14411;https://www.nikkei.com/markets/ir/irftp/ednr/20260618/S100YEDH/20260618S100YEDH.pdf;https://cxo.chiyodacorp.com/company/about/
49,001Nn00000eVVmd,9010601041061,セイノースーパーエクスプレス株式会社,△,○ 妥当 自社HP会社案内・電子公告ページ・セイノーHD側IRを当たり直したが、承認ソースに単体売上高の記載を確認できず。ヒットするのはマイナビ（646億94百万円/2025年3月期）・Yahoo!しごとカタログ・Baseconnect・Wikipedia等の禁止ソースのみで、§3-5により確認不可＝載せないが正しい結論。H列の当たったソース列挙も具体的で監査可能。なお禁止ソース値は300億超のため、承認ソースが見つかれば○に転じ得る行として再調査候補。,https://www.seino.co.jp/ssx/company/about/;https://www.seino.co.jp/ssx/company/ir/;https://www.seino.co.jp/seino/media/pdf-lib/shd/ir-pdf/financialdata/202503yuho.pdf
50,001Nn00000eVVpM,6010601036386,アサヒグループホールディングス株式会社,○,"○ 妥当 2025年12月期の連結売上収益2兆8,946億円（前期比1.5%減）を自社ニュースルームおよびTDnet掲載の決算短信で確認。2,894,676百万円＝2兆8,946.76億円で桁も検算一致。IFRS「売上収益」である旨のH列注記も§3-7に適合し、判定○も正しい。",https://www.asahigroup-holdings.com/newsroom/detail/20260708-0101.html;https://www.release.tdnet.info/inbs/140120260707588934.pdf
51,001Nn00000eVVsK,3010401119377,株式会社クレストレード,△,"○ 妥当 親会社・株式会社西原商会の自社HPでグループ売上高1,390億円（2026年2月期）を確認でき、H列の記載と一致。ただしこれはグループ連結であり、クレストレードは子会社のため§3-3により使用不可。単体売上高は自社HP・gBizINFO・官報決算公告いずれにも記載を確認できず、△確認不可が正しい結論。",https://www.nishihara-shokai.co.jp/business/gaiyou/;https://www.crestrade.co.jp/;https://info.gbiz.go.jp/hojin/ichiran?hojinBango=3010401119377
52,001Nn00000eVVuD,6011101016060,ニュースキンジャパン株式会社,×,○ 妥当 H列が引くNu Skin Enterprises 2025年次報告書（SEC・ef20069502_ars.pdf）の実在を確認。全社売上15億ドル（前期比14%減）で、日本市場は前期約275億円→2025年12月期260億8千万円台（前期比約5.1%減）と複数報道が整合し、260.80億円は300億未満で×判定は妥当。ただしG列の「単体」は厳密には親会社の日本市場セグメント売上であり、ニュースキンジャパン株式会社単体の決算値ではない点は注記が望ましい（判定結果には影響なし）。,https://www.sec.gov/Archives/edgar/data/1021561/000114036126013156/ef20069502_ars.pdf;https://www.nuskin.com/content/corpcom/en_US/newsroom/press_releases1/2026/nu-skin-enterprises-reports-fourth-quarter-and-full-year-2025.html
53,001Nn00000eVVuv,3130001000082,アイフル株式会社,○,"△ 要再確認：金額自体は正しい（2026年3月期・連結営業収益214,693百万円＝2,146.93億円を確認）。問題は親子判定で、2026年3月30日にアイフルは上場廃止、2026年4月1日付で純粋持株会社ムニノバホールディングス株式会社の完全子会社となったことをJPX新規上場申請書類・日経記事で確認。現時点のアイフルは§3-3の「子会社」に該当し、子会社に連結値を用いるのは§6-4に抵触する。単体（個別）営業収益での裏取りが必要（決算短信の個別業績・有報の提出会社経営指標を承認ソースで確認できず）。アイフル単体も300億を大きく超える可能性が高いが未確認のため、単体値の確認後に○を確定させること。",https://www.jpx.co.jp/listing/stocks/new/t13vrt000000ogm0-att/04MuninovaHoldings-1s.pdf;https://www.nikkei.com/article/DGXZQOUB166D60W5A510C2000000/;https://www.aiful.co.jp/group/ir/finance/securities.html
54,001Nn00000eVVuz,3010801000723,アルプスアルパイン株式会社,○,"○ 妥当 2026年3月期連結売上高1兆194億5,900万円（前期比2.9%増、売上高1兆円超は初）を新聞社記事（決算期・売上高明記、§3-4の承認ソース4）で確認。1,019,459百万円＝1兆194.59億円で複合単位の検算も一致。親会社・株式会社・連結採用いずれもルール通りで判定○は正しい。",https://www.minyu-net.com/news/detail/2026050107392649212;https://www.alpsalpine.com/j/ir/library/security/
55,001Nn00000eVVv1,2010401054443,シンフォニアテクノロジー株式会社,○,"○ 妥当 2026年3月期決算短信（2026年5月14日）の連結売上高1,281億9,700万円（前期比7.6%増）を確認。128,197百万円＝1,281.97億円で桁も一致し、H列記載のPDF URLも検索結果のURLと完全一致。親会社・株式会社・連結採用ともルール通りで判定○は正しい。",https://www.sinfo-t.jp/application/files/3417/7873/4198/20260514.pdf
56,001Nn00000eVVv6,2010901010581,株式会社不二工機,○,"○ 妥当 2026年3月期・単体の売上高457億1,400万円（前期2025年3月期は447億2百万円）を確認でき、G列457.14億円と一致。H列が引く自社HP会社概要ページの実在も確認。東証プライム上場の親会社で連結はさらに大きく、単体でも300億超のため判定○は正しい。",https://www.fujikoki.co.jp/company/about/;https://www.fujikoki.co.jp/company/
57,001Nn00000eVVvC,4010801012908,ワタミ株式会社,○,"○ 妥当 2026年3月期連結売上高を確認（決算短信ベースでは932億6,800万円、前期比5.1%増）。H列が引く決算説明会資料の表記が「932.6億円」であり、G列の932.60億円はその丸め表記に由来する軽微な差（正確には932.68億円）。桁・決算期・連結の別・判定○はいずれも正しく、修正は必須ではないが932.68億円と書くのがより正確。",https://www.watami.co.jp/assets/pdf/ir/202603.pdf;https://www.ryutsuu.biz/accounts/s051380.html
58,001Nn00000eVVvG,1011701002852,株式会社江東微生物研究所,△,"○ 妥当 自社HP会社概要・gBizINFOを当たり直したが売上高の記載を確認できず、△確認不可は妥当。ヒットするのはマイナビ・キャリタス就活・Baseconnect等の禁止ソースのみ（そこでの記載は207億7,000万円/2025年6月期で、仮に正しくても300億未満）。従業員数はH列の1,080名に対し禁止ソース側は1,053名（2025年7月1日）と差異があるが判定には影響しない。",https://www.koutou-biken.co.jp/about/company-profile/;https://info.gbiz.go.jp/hojin/ichiran?hojinBango=1011701002852
59,001Nn00000eVVvR,3010001133877,ＥＮＥＯＳ　Ｘｐｌｏｒａ株式会社,○,"保留 検証不可：G列の361.02億円（36,102百万円・第36期）を承認ソースで確認できなかった。当たった経路は①自社HP電子公告ページ（会社法440条1項に基づき貸借対照表・損益計算書・個別注記表を掲載する旨は確認、ただし個別PDFの数値は検索で取得できず。同ディレクトリのnoex_34.pdfは実在を確認しURL命名規則自体は妥当）②自社HP「数字で見るENEOS Xplora」（掲載は連結売上高2,428億円/2024年度・2,049億円/2023年度で単体ではない。子会社のため§3-3上この連結値は使用不可）③自社HP会社概要・会社案内PDF④ENEOSホールディングスIR（事業報告・セグメント情報。子会社単体の内訳なし）⑤官報決算データベース。未承認ソースには単体約354億円との記載があり300億超の方向は整合するが、承認ソースでの裏取りができていないため○は確定できない。判定を確定するにはnoex_36.pdfの直接確認が必要。",https://www.eneos-xplora.com/public_notice.html;https://www.eneos-xplora.com/pdf/noex_34.pdf;https://www.eneos-xplora.com/aboutus/glance/;https://www.eneos-xplora.com/corporate/outline.html;https://catr.jp/companies/a2b87/55002
60,001Nn00000eVVvW,9010001087242,富士電機ＩＴソリューション株式会社,○,"○ 妥当 2026年3月期・単体の売上高1,340億6,100万円（前期比+56.6%、前期856億0,100万円/第21期）を官報決算公告の記録で確認でき、G列1,340.61億円と一致。856.01×1.566＝1,340.5で検算も整合し、桁誤り（134億円との取り違え）ではない。富士電機の子会社だが単体で300億超のため§3-3に適合し判定○は正しい。なお自社HP会社概要ページの実在は確認できたが、ページ上の数値そのものは検索では読み取れず、裏取りは官報決算公告記録と第三者記載の一致による。",https://www.fujielectric.co.jp/fsl/information/corporate_profile/index.html;https://catr.jp/companies/50b85/11896
61,001Nn00000eVVwZ,1370001021305,株式会社カツヨシ商事,△,○ 妥当 自社HP（メルヘングループ）会社情報を当たり直したが売上高の記載はなく、EDINET提出もなし。ヒットするのはBaseconnect・OpenWork・jobtalk等の禁止ソースと業界メディアのみで、いずれも決算期と売上高が明記された数値ではない。パチンコホール運営で決算公告も貸借対照表のみというH列の記載と整合し、△確認不可が正しい結論。,https://meruhengrp.jp/company/;https://www.meruhengrp.jp/
62,001Nn00000eVVwb,1240001016937,株式会社エネルギア・ソリューション・アンド・サービス,○,"○ 妥当：2026年3月31日決算の売上高713億4,400万円（前期861.4億円から-17.17%）を別経路でも確認し、G列と一致。71,344,061千円=713.44億円の桁も検算一致（§6-1）。中国電力100%子会社だが子会社“単体”で300億超のため§3-3の子会社要件を満たす。根拠は自社HP電子公告の決算公告で承認ソース（§5-3-5）、catr.jp単独依存ではない。決算期も最新（§3-8）。",https://www.energia.co.jp/corp/company/group/group_goannai/index.html
63,001Nn00000eVVws,7130001024920,オムロンヘルスケア株式会社,○,"△ 要再確認：catr.jp単独。§7-1の先方確認待ち。単体845.19億円（2025年3月期）の出典はcatr.jp掲載の官報決算公告のみ。代替を当たった結果、自社サイト社史データページに「2022年度 売上高1,421億円」の記載はあるが4期前で§3-8の鮮度切れ、かつヘルスケア事業ベースの疑いがあり単体値の代替にならない。親会社オムロンのIRはヘルスケア事業セグメント値のみで会社単体の開示なし。子会社を単体基準で判定している点自体は正しく、数値方向のリスクは低いため、catr.jpが承認ソースと認められれば○に復帰可。",https://catr.jp/companies/0f812/11019/settlements/2f389/410086; https://www.healthcare.omron.co.jp/corp/companyhistory/data.html; https://www.healthcare.omron.co.jp/corp/outline.html
66,001Nn00000eVVwy,3120001087781,ニプロファーマ株式会社,○,"△ 要再確認：catr.jp単独。§7-1の先方確認待ち。代替の承認ソースを当たったが、ニプロ有価証券報告書はニプロファーマを特定子会社（売上高が連結売上高の10%超）と記すのみで単体数値の開示なし、自社HP会社概要にも売上高記載なし。1,054.01億円（2026年3月期・単体）自体は複数ソースで整合し§3-3は満たすが、承認ソースがcatr.jpのみ。",https://catr.jp/companies/b0d12/14522/settlements/e08ab/463946;https://www.nipro.co.jp/assets/document/ir_library/72nd/securities_report.pdf;https://www.nipro.co.jp/ir/library/
67,001Nn00000eVVwz,9080401001457,株式会社杏林堂薬局,○,"○ 妥当：catr.jp単独ではない。親会社ツルハHDの決算説明会資料にグループ会社別売上高（杏林堂薬局・レデイ薬局等）が継続的に掲載されており、承認ソース（親会社IR）で代替可能なことを確認。2026年2月期のツルハ側公表ベースでは杏林堂薬局は1,471億円と報じられており、官報決算公告の単体1,385.69億円と基準差はあるがいずれも300億を大幅超過。子会社だが単体で300億以上のため§3-3を満たす。J列にツルハHD IRの追記を推奨。",https://catr.jp/companies/b13fb/29967/settlements/517cd/456557; https://www.tsuruha-hd.com/ir/result/highlight/; https://www.ryutsuu.biz/accounts/s040911.html
68,001Nn00000eVVx3,9050001011652,タカノフーズ株式会社,○,△ 要再確認：catr.jp単独に加え、数値そのものにも疑義。自社HP（takanofoods.co.jp）をドメイン限定で当たったが会社概要に売上高の掲載なし（沿革に平成15年3月期395億円という20年以上前の記述のみ）。さらに禁止ソース側には「2025年3月期809億円」「878億円」など990.03億円と大きく食い違う数値が複数流通しており§6-6の危険パターン。鮮度も2024年3月期（第67期）が最新で§3-8の3期以内ぎりぎり。承認ソースで990.03億円を再確認できるまで架電不可とすべき。,https://catr.jp/companies/d78a6/148299/settlements/5817a/387753; https://www.takanofoods.co.jp/company/corporate/outline/
83,001Nn00000eVW1g,8011101002042,出光タンカー株式会社,○,"○ 妥当：自社HP会社概要に「売上高1,598億円（2024年度）」「従業員168名（2025年3月31日現在）」の記載を確認。2024年度=2025年3月期で§3-8の直近3期以内。出光興産100%子会社だが単体1,598億円で300億を大きく超過し§3-3を満たす。H列併記の官報2026年3月期1,665.99億円は補足にすぎず、主根拠が自社HP会社概要のため§7-1のcatr.jp単独依存には該当しない。",https://www.idemitsu.com/jp/tanker/company/profile/index.html; https://www.idemitsu.com/jp/tanker/company/index.html
85,001Nn00000eVW3M,3500001012115,日本食研ホールディングス株式会社,○,"○ 妥当：日本食研ホールディングス＝持株会社（グループ16社の親会社）のため§3-3でグループ連結300億超でOK。自社HPグループ企業概要が承認ソース①。検索で確認できたのは2024年9月期1,498億円（グループ16社連結）で、2025年9月期1,589.73億円はその翌期の更新値として整合（前期比106%）。いずれの期でも1,000億超のため判定不変。",https://www.nihonshokken.co.jp/profile.html
86,001Nn00000eVW3N,7290001005789,明治屋産業株式会社,○,○ 妥当：明治屋産業はグループ親会社（ふくおか経済記事「25年3月期グループ連結売上高448億円」で連結を開示する親会社と確認、26年3月期467億円と整合）。§3-3により親会社はグループ連結300億超でOK。G列も「グループ合計」と明示しており単体詐称なし。※単体売上は未開示のため、先方が単体を要求した場合は再確認が必要。,https://www.mj-sangyo.co.jp/company/info/; https://www.fukuoka-keizai.co.jp/company/126873-2/
89,001Nn00000eVW3S,5010001089333,ラディックス株式会社,○,"△ 要再確認：G列666億円は自社採用サイトの「グループ全体（2025年度）」値であり、ラディックス単体の売上高は承認ソースで非公表。§3-3で親会社ならグループ値可だが、自社サイトの表記は「9つの関連会社」で、ラディックスが親会社（子会社保有）か横並びの関連会社群かが確定しない。加えてグループ全体2,100〜2,330名に対しラディックス正社員は1,000名で、単体は666億の半分＝300億前後とラインぎりぎり。H列の「小規模6社」も自社サイト記載の9社と不一致で根拠が推測（§6-6）。単体売上高またはグループ連結決算値の確認が必要。",https://www.radix.ad.jp/recruit/number.html; https://www.radix.ad.jp/recruit/n-number.html; https://www.radix.ad.jp/corporate/group.html; https://www.radix.ad.jp/corporate/profile.html
91,001Nn00000eVW3X,2120001135426,ヤンマーアグリジャパン株式会社,○,"△ 要再確認：catr.jp単独。§7-1の先方確認待ち。ヤンマー公式（yanmar.com）の同社企業情報ページをドメイン限定で当たったが売上高の掲載なし。唯一の自社資料は2022年8月版CORPORATE PROFILE（PDF）で§3-8の鮮度外。ヤンマーホールディングス子会社＝§3-3で単体値のみが有効。1,723.73億円（2026年3月期・単体）は300億を大きく超えるが、承認ソースでの裏取りができておらず出典が官報二次サイトのみ。",https://catr.jp/companies/d6fbb/23558/settlements/57009/473381; https://www.yanmar.com/jp/about/company/yaj/information/; https://www.yanmar.com/media/news/2022/08/03074403/yaj_company_profile_202208.pdf
94,001Nn00000eVW3b,4290801014505,トヨタ自動車九州株式会社,○,"○ 妥当：日経記事「トヨタ九州の売上高3%増 26年3月期、レクサス生産台数2%増」で売上高1兆3,969億円（2026年3月期・前期比3%増、生産38万4,690台）を確認。§3-4④の新聞社ソース（決算期と売上高が明記）に該当。1兆3,969億円=13,969億円で桁も基準を大幅超過（§6-1）。トヨタ自動車100%子会社だが単体で充足し§3-3を満たす。なおH列のURL末尾は ba=1 だが実記事は ba=3。",https://www.nikkei.com/nkd/company/article/?DisplayType=1&ng=DGXZQOJC127JV0S6A510C2000000&scode=7203&ba=3
96,001Nn00000eVW3e,2180301015033,アイシン辰栄株式会社,○,○ 妥当：自社HP会社概要ページおよび電子公告・決算公告ページの存在を確認（承認ソース§5-3-1/5）。売上高は2024年3月期で約587.4億円という近接値が別経路でも得られ、G列581億円（2025年度）と規模・推移が整合。アイシンの子会社だが単体で300億を大きく超過し§3-3を満たす。※581億円という数値そのものの再掲は自社HP記載に依拠（近接値の出典は禁止ソース混在のため判定根拠には不使用）。,https://www.aisin-sinei.co.jp/profile/outline/; https://www.aisin-sinei.co.jp/publicnotice/
102,001Nn00000eVW45,8020001018222,ロジスティードエクスプレス株式会社,○,"○ 妥当：自社HPに決算公告ページの存在を確認（承認ソース§5-3-5、自社ドメイン）。33,804,242千円=338.04億円の桁も検算一致（§6-1）。前期2025年3月期は約370.3億円（従業員559名）との情報もあり2期連続で300億超。ロジスティード100%子会社だが単体で基準充足し§3-3を満たす。ただし第74期公告本文は検索経由で確認できず、370→338億の減収基調で300億ラインへの余裕が小さいため次期は要再確認。",https://www.logisteed.com/express/jp/corpo/e-advertisement/; https://www.logisteed.com/express/jp/corpo/outline/
109,001Nn00000eVW4O,1100001024474,シチズンマシナリー株式会社,○,△ 要再確認：catr.jp単独。§7-1の先方確認待ち。単体487.63億円（第83期・2026年3月期）の出典はcatr.jpのみ。自社HP会社概要（cmj.citizen.co.jp/company/outline.html）は資本金・従業員数・親会社の記載のみで売上高実績なし（採用ページに「2023年度売上高目標800億円」の目標値があるのみで実績値ではない）。親会社シチズン時計のIRは工作機械事業セグメント値で会社単体値ではない。単体売上高はシチズン時計連結比10%超のため、EDINETのシチズン時計有報「関係会社の状況」の主要な損益情報が代替経路になり得る。,https://catr.jp/companies/519b9/21429/settlements/eeb63/467460; https://cmj.citizen.co.jp/company/outline.html
112,001Nn00000eVW6X,2010001143282,株式会社シミズ・ビルライフケア,○,"○ 妥当：自社HPの電子公告ページの存在を確認（承認ソース§5-3-5）。第39期（2025年6月26日公告）以降を自社ドメインで継続公開しており第40期PDFの命名も整合。77,825,442千円=778.25億円の桁も検算一致（§6-1）。清水建設100%子会社だがビル管理事業の単体で300億を大きく超過し§3-3を満たす。決算期も最新（§3-8）。",https://www.sblc.co.jp/koukoku/index.html; https://www.sblc.co.jp/company/outline.html
116,001Nn00000eVW9J,9180001031737,豊通エネルギー株式会社,○,"○ 妥当：年商649億3,600万円（従業員157名）を別経路でも確認しG列649億円と一致。根拠の自社HP会社概要ページ（承認ソース§5-3-1）の存在も確認済み。豊田通商100%子会社だが単体で300億を大きく超過し§3-3を満たす。※決算期「2026年3月期」の明示は検索経由では取得できず自社HP会社概要の記載に依拠。",https://www.toyotsuene.co.jp/aboutus/corporateprofile/; https://www.toyotsuene.co.jp/aboutus/
117,001Nn00000eVW9k,1010401128000,大東建託リーシング株式会社,○,"△ 要再確認：G列345.30億円（2026年3月期）を承認ソースで裏取りできなかった。自社HPの決算公告ページは存在するが、検索で確認できた掲載期は2023年3月期以前で、H列引用のPDF（wp-content/uploads/2026/06/…）は検索結果に一切現れず。一方2024年3月期の売上高は298億6,500万円＝300億未満という情報があり（禁止ソース掲載のため判定根拠には使えないが、300億ラインぎりぎりの企業であることを示す）。親会社大東建託の有報・決算短信でもリーシング単体売上高は取得できず（斡旋件数344,855件の記載のみ）。34,530百万円=345.30億円の桁計算自体は正しいが、直近期の単体値を自社決算公告で確認するまで○にできない。",https://www.kentaku-leasing.co.jp/en/company/publication/; https://www.kentaku-leasing.co.jp/en/company/page-2508/; https://info.gbiz.go.jp/hojin/ichiran?hojinBango=1010401128000; https://www.kentaku.co.jp/corporate/ir/kessan/aqehc400000kcyyg-att/tanshin20254Q.pdf
119,001Nn00000eVW9s,1010901011705,三菱電機システムサービス株式会社,○,"○ 妥当：年間売上高87,304百万円（2026年3月期）、資本金6億円、従業員2,106名（2026年3月31日現在）を自社HP会社情報ページ経由で確認しG列と一致。87,304百万円=873.04億円の桁も検算一致（§6-1）。三菱電機の子会社だが単体で300億を大きく超過し§3-3を満たす。決算期も最新（§3-8）。",https://www.melsc.co.jp/company/about/; https://www.melsc.co.jp/company/business/
124,001Nn00000eVWAD,4180001057902,株式会社グッドスピード,○,"○ 妥当：第22期＝2024年9月期・売上高59,876百万円=598.76億円の桁は検算一致（§6-1）、§3-8の直近3期以内に収まる。根拠は自社ドメインの決算公告PDFで承認ソース（§5-3-5）。宇佐美鉱油の完全子会社だが単体で300億超のため§3-3を満たす。ただし、より新しい第23期（2025年9月期）は売上高57,345百万円=573.45億円・当期純損失9,981百万円・債務超過152.51億円との情報があり、G列は第23期値への更新が望ましい。いずれの期も300億を大きく超えるため判定○は維持。2024年8月23日にTOBで上場廃止済み。",https://www.nikkei.com/article/DGXZQOFD068YZ0W4A800C2000000/; https://www.nikkei.com/nkd/company/kessan/?scode=7676
126,001Nn00000eVWAK,5430001053338,トヨタ自動車北海道株式会社,○,"○ 妥当：自社HP会社案内ページの存在を確認（承認ソース§5-3-1）。売上高は2024年3月期1,996億円→2025年3月期2,280億円という推移情報が得られ、G列2,264億円（2026年3月期）と規模・水準が整合。いずれの期も300億を大幅に超過。トヨタ自動車100%子会社だが単体で充足し§3-3を満たす。※2,264億円という2026年3月期の値そのものは検索経由では確認できず自社HP記載に依拠。",https://www.tmh.co.jp/profile/; https://www.tmh.co.jp/
128,001Nn00000eVWAM,9290801012529,株式会社デンソー九州,○,"○ 妥当：2024年度実績591.6億円・従業員1,565名（2026年4月時点）という近接値を別経路で確認でき、591.6億円（2024年度）→640.0億円（2025年度）の増収推移としてG列と整合。デンソー100%子会社だが単体で300億を大きく超過し§3-3を満たす。IFRS基準の表記もH列に注記済みで§3-7に適合。※640.0億円そのものは自社HP会社概要の記載に依拠（自社ドメインは検索結果に出現せず）。",https://net.kitakyushucci.or.jp/mono-db/companys/index/603968
130,001Nn00000eVWAd,1010801018437,水ｉｎｇ株式会社,○,△ 要再確認：インフロニアHDの子会社に「連結」829.37億円を当てており§3-3違反。子会社は単体300億以上のみOK。官報決算公告（第44〜48期）は貸借対照表中心で売上高の記載がなく、自社HPも「836億円※子会社含む」で単体は非公表。H列自身が「単体は非公表」と認めており、単体が取れない以上、直アポ大に載せられない。,https://www.infroneer.com/jp/blog_assets/attachments/1347/20260414_01.pdf;https://catr.jp/companies/89597/30068
139,001Nn00000eVWMW,8010701019462,株式会社日立ソリューションズ,○,"○ 妥当：日立製作所の100%子会社だが単体で300億超のためルール上OK（§3-3）。第56期＝2026年3月期の決算公告で単体売上高221,262百万円＝2,212.62億円を検索で再確認（桁検算OK）。電子公告は自社ドメインの承認ソース。鮮度も直近期。",https://www.hitachi-solutions.co.jp/company/notification/;https://www.hitachi-solutions.co.jp/company/notification/yuka.html
141,001Nn00000eVWMo,1370001011272,積水ハウスシャーメゾンＰＭ東北株式会社,○,"保留 検証不可：H列が引用する第43期決算公告(announce043.pdf)および営業収益37,018,225千円＝370.18億円を承認ソースで確認できず。自社IR（決算公告一覧）には到達したが掲載が確認できたのは第38〜42期で、実在が確認できたPDFはannounce042.pdf（第42期＝2025年1月期）のみ。当たった経路：自社IRページ／自社会社概要／社名検索（旧称 積水ハウス不動産東北）／gBizINFO。第42期公告の数値で300億超を裏取りし直すこと。なお同社は積水ハウス不動産HD傘下の子会社のため単体値必須（§3-3）。",https://www.sekisuihouse-f-tohoku.co.jp/company/ir/;https://www.sekisuihouse-f-tohoku.co.jp/company/ir/pdf/announce042.pdf;https://www.sekisuihouse-f-tohoku.co.jp/company/about/;https://info.gbiz.go.jp/hojin/ichiran?hojinBango=1370001011272
146,001Nn00000eVWO2,8010001028040,株式会社ユニスマイル,○,"○ 妥当：独立検索で自社HP「数字で見るユニスマイル」の記載を再現—売上高544億円（2025年3月期）、355店舗（2025年9月30日現在）、従業員2,417名（2025年8月31日現在）、薬剤師比率58%。2022年4月にファーコスとミックの統合で発足したスズケングループの調剤薬局会社で、355店舗×約1.5億円/店と売上規模も整合し、グループ連結値の流用ではない。スズケンの子会社だが単体で300億超（§3-3クリア）、鮮度も直近期（§3-8）。反証材料なし。",https://unismile.co.jp/activity/unismile-number/;https://unismile.co.jp/corporate/about/;https://unismile.co.jp/
156,001Nn00000eVWPy,5013301019125,株式会社コンチェルト,○,○ 妥当：主根拠が自社HP会社概要の「売上高411億円」＝承認ソース①でcatr.jp単独ではない。独立検索でも2026年6月24日時点の会社概要に411億円の記載を確認。クレディセゾンの連結子会社との情報があり子会社の可能性が高いが、その場合でも単体411億円で300億超のため§3-3を満たす。同社は子会社を持たずグループ値の混入（§6-4）の余地は低い。※411億円が単体である旨の明示は自社HPになく、決算期（2026年3月期）と併せて商談前に一度確認しておくのが望ましい。,https://www.concerto-inc.jp/company/profile.html; https://catr.jp/companies/634e5/21903
157,001Nn00000eVWPz,8020001070990,日揮触媒化成株式会社,○,△ 要再確認：catr.jp単独。§7-1の先方確認待ち。単体407.13億円（第68期・2026年3月期）の出典はcatr.jpのみ。自社HP会社概要（jgccc.com/profile）に売上高の記載を確認できず、日揮ホールディングスのIRは機能材料製造事業のセグメント値であって日揮触媒化成株式会社単体の売上高ではないため代替にならない。日揮HD連結比が10%未満で有報の主要な損益情報にも載りにくい。子会社を単体基準で判定している点自体は正しい。,https://catr.jp/companies/400ed/9886/settlements/fcea4/463221; https://www.jgccc.com/profile/
160,001Nn00000eVWQT,1010401078212,古河産業株式会社,○,"△ 要再確認：古河電工100%子会社に「当社連結」1,269億円（2024年3月期）を当てており§3-3違反の疑い。子会社は単体300億以上のみOKでグループ・子会社連結は使えない。自社HP会社概要・企業情報・古河電工グループ紹介・決算公告を当たったが単体売上高の開示は確認できず（従業員454名も連結値）。単体が取れなければ直アポ大から外す。",https://www.furusan.co.jp/company/profile.html;https://www.furusan.co.jp/company/conglomerate.html
162,001Nn00000eVWRX,2010001135668,ＭＳＤ株式会社,○,"△ 要再確認：catr.jp単独。§7-1の先方確認待ち。自社HP会社概要（msd.co.jp/about/summary/）をドメイン限定で当たったが、掲載されているのは米Merck & Co., Inc.の全世界売上高（2025年度650億ドル）のみで日本法人MSD株式会社単体の売上高記載なし。米Merckの日本子会社＝子会社のため§3-3で単体値のみが有効。3,595.26億円（2025年12月期）は300億を大きく超えるが、出典が官報二次サイトのみ。",https://catr.jp/companies/87b8e/5246/settlements/327b8/450638; https://www.msd.co.jp/about/summary/; https://www.msd.co.jp/news/chq-20260227/
166,001Nn00000eVWVA,8120001059636,栗原工業株式会社,○,△ 要再確認：catr.jp単独。§7-1の先方確認待ち。自社HP（kurihara.co.jp 会社情報・企業情報・事業領域）をドメイン限定で当たったが売上高の掲載なし。非上場でEDINET/TDnetにも開示なし。自社ニュースで週刊東洋経済「注目の中堅企業100社」掲載（2024/11/23号・売上高成長率ランキング等）が確認できたが具体的な売上高数値の記載は取れず。959.62億円（2025年9月期・第83期）は鮮度は問題ないが出典が官報二次サイトのみ。,https://catr.jp/companies/3237f/36799/settlements/cd352/439512; https://www.kurihara.co.jp/corporate/company/; https://www.kurihara.co.jp/news/archives/1220
179,001Nn00000eVWm0,1010501016237,日本マタイ株式会社,○,△ 要再確認：catr.jp単独。§7-1の先方確認待ち。自社HP会社概要（matai.co.jp/company/company-summary/）をドメイン限定で当たったが売上高・従業員数の掲載なし（沿革・拠点情報のみ）。また自社HP記載により同社はレンゴーグループの一員＝子会社であることが判明したため、§3-3で単体値のみが有効。451.20億円は単体なら300億超だが、承認ソースでの裏取りができていない。禁止ソース（マイナビ/NIKKEI COMPASS/Baseconnect等）には同額が流通しており§6-6の典型パターンに該当。,https://catr.jp/companies/727ca/9957/settlements/a5d11/461806; https://www.matai.co.jp/company/company-summary/
180,001Nn00000eVWm2,1080401018079,株式会社スズキ部品製造,○,"○ 妥当：gBizINFOで法人番号1080401018079＝株式会社スズキ部品製造（静岡県浜松市浜名区都田町9670）を確認、同名別法人の取り違えなし（§6-2クリア）。スズキ100%出資の国内製造子会社で2012年4月に国内製造子会社4社の合併により発足、従業員985人。985人に対し売上高513億円＝約5,200万円/人は自動車部品製造として整合し、連結・グループ値の流用を疑う材料はない。ただし513億円という金額自体は3クエリ試しても自社サイト（outline.html／number.html）本文が検索要約に出ず再現できず、「2025年度」の決算期表記も未確認。300億に対し1.7倍の余裕があり○は維持するが、G列の金額・年度は自社サイト現物での突合が望ましい。",https://www.suzukipmc.co.jp/about_us/outline.html;https://www.suzukipmc.co.jp/about_us/number.html;https://info.gbiz.go.jp/hojin/ichiran?hojinBango=1080401018079
197,001Nn00000eVXI1,2120001029347,株式会社辰巳商会,○,"○ 妥当：株式会社辰巳商会は辰巳グループの親会社（自社HPに辰巳グループ／グループ会社一覧ページあり、上位持株会社は確認されず）。§3-3により親会社はグループ値の採用が認められるため、G列がグループ全体値である点自体はルール違反ではない（行38ヤマウチ型の誤用には当たらない）。5月決算で2025年5月期時点の値、鮮度も可。ただし1,834億円という数値自体は本環境で自社HP本文を再取得できず未再確認。単体も600億円規模との情報があり、単体・グループいずれの基準でも300億は超える見込み。",https://www.tatsumi-cs.co.jp/company/outline.php;https://www.tatsumi-cs.co.jp/network/group.php
198,001Nn00000eVXI3,7021001007190,東邦チタニウム株式会社,○,"○ 妥当：2026/6/1にJX金属の完全子会社となった子会社だが、単体824.25億円で300億超のため§3-3を満たす。TDnet/JPX掲載の2026年3月期決算短信＝承認ソース②。同日開示の「2026年3月期個別業績と前期実績との差異に関するお知らせ」の存在も確認でき個別業績が開示済であることは裏付け済み。※H列表記に内部不整合あり（「82,525百万円=824.25億円」は換算が合わない。82,425百万円＝824.25億円、82,525百万円＝825.25億円）。300億超の結論は不変だが表記の統一が必要（§6-1）。",https://www2.jpx.co.jp/disc/57270/140120260508519377.pdf; https://www.nikkei.com/nkd/disclosure/tdnr/20260508519339/
202,001Nn00000eVXNp,1260001022339,株式会社エルジオ,○,保留 検証不可：自社HP会社概要ページ（elgeo.co.jp/company/）の実在は確認したが、本環境ではページ本文を取得できず「年商308億円（令和7年9月期）」の記載を確認できなかった。基準比わずか+2.7%の際どい値のため裏取り必須。当たった経路＝WebSearch一般検索／elgeo.co.jpドメイン限定検索／gBizINFO（法人番号1260001022339は一致、岡山県玉野市で同名企業の取り違えは否定）／岡山市公式企業ガイド。禁止ソース（Baseconnect）は売上11〜55億円・従業員127名と大きく異なる値を掲示しており、承認ソースでの単体308億円の再取得が必要。,https://www.elgeo.co.jp/company/;https://info.gbiz.go.jp/hojin/ichiran?hojinBango=1260001022339
204,001Nn00000eVXOQ,8080401000765,エンケイ株式会社,○,"○ 妥当：エンケイ株式会社は国内外のグループ会社を束ねるエンケイグループの親会社（自社HPにグループ会社一覧ページあり、上位持株会社は確認されず）。連結売上高2,064億円・グループ従業員約7,300名台を再確認しG列と一致。§3-3により親会社は連結値可。なお当該数値は2025年12月期との情報があり、G列「2025年度」は決算期を明示する形に整えるのが望ましい。",https://www.enkei.co.jp/corporate/overview/;https://www.enkei.co.jp/corporate/overview/group/
212,001Nn00000eVXTj,4080001013964,日本ハムファクトリー株式会社,○,"× 要修正：G列766.00億円（2026年3月期）が自社サイトの記載と一致しない。nipponham-factory.co.jp に限定した検索では自社会社案内・会社情報の記載として「売上高841億円（2024年3月現在）」「従業員2,674人（2024年4月末）」が返り、別途採用ページは従業員2,362名（2025年4月1日現在）。766億円の出所を特定できず。日本ハムの子会社だが単体で300億超という結論自体はどちらの値でも成立するため架電可否は変わらないが、G列の金額・決算期は自社サイトの最新記載に合わせて修正が必要。",https://www.nipponham-factory.co.jp/company/;https://www.nipponham-factory.co.jp/files/user/pdf/company/nhfactory.pdf;https://www.nipponham-factory.co.jp/recruit/data/
213,001Nn00000eVXVO,8080001002864,静岡鉄道株式会社,○,"○ 妥当：静岡鉄道は静鉄グループの親会社。H列記載と同一URLの自社HP掲載「静鉄グループ 2026年3月期 連結決算概況」（2026年5月26日）で連結営業収益1,902億2千5百万円（前期比3.4%増・連結過去最高）を確認しG列1,902.25億円と一致。鉄道業のため営業収益採用（§3-7）もH列に明記済み。",https://www.shizutetsu.co.jp/media/pages/news/2026/hp20260526/bca880251a-1779776262/hp20260526.pdf;https://www.shizutetsu.co.jp/company/statement.html
214,001Nn00000eVXVS,7330001003045,九州東邦株式会社,○,"○ 妥当：東邦薬品（東邦HD傘下）の子会社だが単体1,260億円で300億超（§3-3クリア）。検索でも2026年3月期決算時点の売上高1,260億2,667万6千円を確認でき、G列1,260.00億円と整合（桁検算OK）。出典は自社HP会社案内で承認ソース。※同一数値がcatr.jpにも掲載されているが、本行は自社サイト記載に依拠しておりcatr.jp単独ではない（§7-1非該当）。",https://kyushu-toho.co.jp/company/;https://kyushu-toho.co.jp/
216,001Nn00000eVXVY,1250001003050,ＵＢＥマシナリー株式会社,○,"△ 要再確認：catr.jp単独。§7-1の先方確認待ち。UBE100%子会社の単体502.74億円（2026年3月期）はcatr.jpおよびPR TIMES決算データ等の二次サイトのみで、自社HP（会社概要・「3分で分かるUBEマシナリー」・会社紹介データ）に売上高の記載を確認できず。親会社UBEの連結4,623億円（2026年3月期）は子会社に当てられない（§3-3）。単体売上高はUBE連結比約11%で有報「関係会社の状況」の主要な損益情報に載る可能性があり、EDINETでのUBE有報確認が代替経路。単体値自体は300億を大きく超えるため数値方向のリスクは低い。",https://catr.jp/companies/af060/14784/settlements/792bc/463394; https://www.ubemachinery.co.jp/company/profile.html; https://www.ubemachinery.co.jp/company/umc.html
217,001Nn00000eVXVZ,3140001023842,株式会社コベルコＥ＆Ｍ,○,"○ 妥当（G列の金額・年度は要修正）：独立に検索し直したところ、コベルコE&Mの数値として一貫して返るのは「2024年度 売上高649億円・従業員1,370名（2025年3月31日現在）」で、G/H列の「690億円（2025年度・2026年3月期）」は再現できなかった。本社は兵庫県神戸市、KOBELCOグループの工場施設管理・機器整備・人材派遣等で法人番号3140001023842とも整合。649億・690億いずれでも300億の2倍超であり、神戸製鋼100%子会社ながら単体300億超のため架電可否は不変（§3-3クリア）。ただしG列は出典ページ（kobelco-em.jp/info/outline.html）の実記載「649億円（2024年度）」に修正すべき。",https://www.kobelco-em.jp/info/outline.html;https://www.kobelco.co.jp/about-kobelco/domestic-group.html
218,001Nn00000eVXVd,5120001046991,株式会社フジキン,○,"○ 妥当：株式会社フジキンはフジキングループの親会社（非上場、上位持株会社は確認されず）。自社HP会社概要の連結売上高2,212億円・グループ従業員6,742名（いずれも2026年3月末）を再確認しG列2,212.00億円と一致。§3-3により親会社は連結値可。直近期で鮮度可。",https://www.fujikin.co.jp/ja/company/outline/;https://www.fujikin.co.jp/ja/jinji/number/
219,001Nn00000eVXVi,7010001012986,大塚製薬株式会社,○,"○ 妥当：大塚HDの完全子会社だが単体6,655.79億円で300億超（§3-3クリア）。出典のkmasterplus.pronexus.co.jpは大塚製薬が指定する電子公告の掲載サイトで、同社の公告ページの存在を検索で確認（承認ソース）。決算期2025年12月期は大塚HDの2025年12月期決算短信（2026年2月13日）とも整合し鮮度OK。単体金額そのものの再現はできなかったが、閾値300億に対し20倍以上の余裕があり判定は覆らない。",https://kmasterplus.pronexus.co.jp/main/corp/m/0/m093/;https://www.otsuka.co.jp/company/overview/
220,001Nn00000eVXax,8010001037330,伊藤忠ＴＣ建機株式会社,○,△ 要再確認：catr.jp単独。§7-1の先方確認待ち。自社HP（icm.co.jp 会社概要・事業概要・採用「数字で見る伊藤忠TC建機」）をドメイン限定で当たったが売上高の掲載なし。唯一出てきた自社記述は2014年3月時点の「売上規模は400億円弱」という古い記述で§3-8の鮮度を満たさない。伊藤忠商事50%・東京センチュリー50%の共同出資会社のため親会社IRにも単体開示なし。単体383.35億円は300億超だが出典が官報二次サイトのみ。,https://catr.jp/companies/c1efe/13549/settlements/d8d7a/469892; https://www.icm.co.jp/common/corporate_profile.html; https://www.icm.co.jp/recruit/work/numbers.html
222,001Nn00000eVXeb,4020001071266,東芝デバイス株式会社,○,"○ 妥当（金額未再現・余裕が薄い）：出典ドメインwww3.toshiba.co.jp/tdecが東芝デバイス株式会社（東芝デバイス&ストレージの販売会社／本社 川崎市幸区堀川町580 ソリッドスクエアビル西館／資本金5億円／決算期3月）であることを確認、法人番号4020001071266（神奈川）と整合し、同名の東芝デバイスソリューション株式会社（川崎市幸区小向東芝町1・設立1981年・従業員682人・集積回路製造業）との取り違えもない（§6-2クリア）。電子公告は2024年3月期決算分から自社サイトで公開（公開期間5年）との記載があり第66期＝2026年3月期の対応も矛盾しない。ただし36,452,512千円＝364.53億円という金額自体は3クエリでも再現できず、二次情報の545億円（2025年3月期）とも乖離。いずれでも300億超のため○は維持するが、閾値に対し21%しか余裕がなく、G列は決算公告PDF現物の確認が望ましい。",https://www3.toshiba.co.jp/tdec/company/public-notice.html;https://www3.toshiba.co.jp/tdec/company/index_j.html;https://www3.toshiba.co.jp/tdec/profile/outline.html
228,001Nn00000eVXp9,6010701009572,三菱電機フィナンシャルソリューションズ株式会社,○,△ 要再確認：catr.jp単独。§7-1の先方確認待ち。単体789.88億円（第57期・2026年3月期）の出典はcatr.jpのみ。自社HP会社概要（mefs.co.jp/company/03gaiyo/）は取扱高中心で売上高の記載を確認できず、親会社側（三菱電機・三菱HCキャピタル）のIRにも同社単体の売上高開示は見当たらない（三菱電機連結比10%未満のため有報「関係会社の状況」の主要な損益情報にも載りにくい）。子会社を単体基準で判定している点自体は正しい。EDINETまたは官報原本での単体値確認が代替経路。,https://catr.jp/companies/8dfbc/14771/settlements/d4c13/468841; https://www.mefs.co.jp/company/03gaiyo/
230,001Nn00000eVXqg,5011101056883,株式会社ＴＨＥグローバル社,○,"○ 妥当：2026/7/31付で大東建託の完全子会社となった子会社だが、個別（単体）473.19億円で300億超のため§3-3を満たす。出典はTDnet配信の2025年6月期決算短信＝承認ソース②。連結61,747百万円＝617.47億円を独立検索でも確認、H列記載と一致。桁検算 個別47,319百万円＝473.19億円で正。連結値を単体に流用した誤り（§6-4）はない。",https://ssl4.eir-parts.net/doc/3271/tdnet/2672154/00.pdf; https://www.sbigroup.co.jp/investors/disclosure/theglobal/pdf/2025_hrc.pdf
231,001Nn00000eVXsy,9350001008560,株式会社ミヤチク,○,△ 要再確認：catr.jp単独。§7-1の先方確認待ち。単体652.82億円（第48期・2026年3月期）の出典はcatr.jp掲載の官報決算公告が実質唯一。H列が併記する自社HP会社概要の「652億（令和7年度実績）」は miyachiku.jp/about および自社会社案内PDF（2024年4月版）を当たったが検索上で該当記載を確認できなかった（WebFetch遮断のため本文未取得）。JAグループ宮崎（宮崎県経済農業協同組合連合会）の子会社だが単体で300億を大きく超えており、自社HPの記載が現認できるかcatr.jpが承認され次第○に復帰可。,https://catr.jp/companies/33222/23076/settlements/b7c8c/478182; https://miyachiku.jp/about/
232,001Nn00000eVXt1,5180001038884,トヨタカローラ名古屋株式会社,○,"△ 要再確認：catr.jp単独。§7-1の先方確認待ち。自社HP会社概要（c-nagoya.co.jp/corporate）をドメイン限定で当たったが資本金5,000万円・従業員1,179名（2025年7月現在）等のみで売上高の記載なし。非上場のためEDINET/TDnetにも開示なく、代替の承認ソースを確認できなかった。数値688.74億円自体を否定するものではないが、現状の唯一の出典が官報二次サイトのため架電可否は先方回答待ち。",https://catr.jp/companies/71002/26031/settlements/268f0/477245; https://www.c-nagoya.co.jp/corporate
239,001Nn00000eVXtC,1180001001037,株式会社ＥＶＥＲＹＦＯＯＤ,○,"○ 妥当：自社HP会社概要に年間売上高401億52百万円（2025年8月末）を検索で再確認（設立1967年2月16日・決算期8月31日・従業員約9,700名と併記）。EVERY HOLDINGSの子会社だが単体で300億超（§3-3クリア）。旧社名 日本ゼネラルフードからの2025年9月商号変更もH列記載どおりで、社名変更の取り違えなし（§6-7）。鮮度も直近期。",https://everygroup.co.jp/ef/company/;https://everygroup.co.jp/company/;https://info.gbiz.go.jp/hojin/ichiran?hojinBango=1180001001037
262,001Nn00000eVY3N,1010001150008,国際興業株式会社,○,"△ 要再確認：§3-3違反の疑い。純粋持株会社である国際興業ホールディングス株式会社が親会社で、対象の国際興業株式会社（法人番号1010001150008）はその傘下にあたる。G列2,324億円は「国際興業グループ」の合計値であり、H列自身が「単体売上高は非開示」と認めている。子会社にグループ値を当てるのは一律NG（§3-3・§6-4）で、現状の○は成立しない。単体を承認ソース（自社決算公告・親会社IR等）で取れなければ載せられない（§3-5）。なお二次情報では単体約448億円（2025年3月期）とされるが禁止ソース系のため根拠に採用不可。",https://www.kokusaikogyo.co.jp/about/profile/;https://www.kokusaikogyo.co.jp/group/;https://info.gbiz.go.jp/hojin/ichiran?hojinBango=1010001150008
272,001Nn00000eVYAx,1370201003103,伊藤ハム米久プラント株式会社,○,"○ 妥当：自社グループドメインの会社紹介で「2023年4月1日設立（伊藤ハム・伊藤ハムデイリー・米久の東日本エリア生産部門を統合）／本社 千葉県柏市根戸1-3／資本金9,000万円／従業員2,092名（2024年3月31日現在）／売上高1,457億円」を確認。1次の「従業員372名」は誤りで、2,092名なら1,457億円＝約7,000万円/人と食品製造として整合し、連結・グループ値の流用の疑いは薄い（§6-4非該当）。伊藤ハム米久HDの子会社だが単体で300億の4倍超（§3-3クリア）。なおH列の「決算公告(第53期)」は2023年設立の同社と期数が整合せず出典として不適切のため、自社サイト記載を主根拠とすべき。G列は1,457億円に揃えるのが正確。",https://www.itoham-yonekyu-holdings.com/plant/;https://www.itoham-yonekyu-holdings.com/Portals/0/saiyo/group/plant/;https://info.gbiz.go.jp/hojin/ichiran?hojinBango=1370201003103
283,001Nn00000eVYVU,3050001020246,日鉄スラグ製品株式会社,○,"○ 妥当（G列の金額は要修正・余裕が薄い）：出典の自社IRページを検索で当て直すと、掲載されている売上高は2024年度31,601百万円＝316.01億円、2025年度34,348百万円＝343.48億円（経常利益は2021〜2025年度で674/401/882/1,015/1,232百万円）。H列が根拠とする51,595百万円＝515.95億円は同ページに見当たらず、金額を「51,595百万円」と明示指定して検索しても返らず別値が返ったため、1次の採用値は誤りの公算が大きい。ただし2025年度343.48億円でも300億超のため架電可否は不変で○を維持。日本製鉄100%子会社だが単体で300億超（§3-3クリア）、2023年4月にエスメント関東・中部を吸収合併済みで連結値流用の疑いも薄い。G列は「343.48億円（2026年3月期・単体）」へ差し替え推奨。閾値に対し14%しか余裕がない点は要注意（§6-1）。",https://www.slag.nipponsteel.com/company/ir.html;https://www.slag.nipponsteel.com/company/profile.html;https://info.gbiz.go.jp/hojin/ichiran?hojinBango=3050001020246
284,001Nn00000eVYVb,8020001059729,コマツ物流株式会社,○,○ 妥当：コマツ物流はコマツの子会社だが単体で800〜900億円規模、300億基準は堅い。判定記号○・単体採用ともルール通り。ただしG列「901.00億円（2026年3月期）」は承認ソース上で直接確認できず、検索側では「単独855億円（2025年3月期）」が返る。自社HP会社概要（outline.html）の実在は確認済みだが記載値の年度は未検証のため、G列の数値・決算期のみ次回架電前に自社HPで再照合を推奨。300億超の結論は変わらないので架電してよい。,https://www.btr-komatsu.co.jp/company/outline.html;https://www.btr-komatsu.co.jp/company/
317,001Nn00000eVYhB,4020001037424,株式会社快活フロンティア,○,○ 妥当：AOKIホールディングス完全子会社だが、快活CLUB事業を運営する事業会社単体で700億円超。2024年3月期712.12億円（決算公告）、直近期も725〜736億円規模と複数経路で一致し、子会社単体300億以上の要件（§3-3）を満たす。自社HP会社概要も実在。G列735.91億円の細部は未確定だが判定○は妥当、架電してよい。,https://kaikatsufrontier.co.jp/company/about.html;https://catr.jp/settlements/e73df/207327;https://info.gbiz.go.jp/hojin/ichiran?hojinBango=4020001037424
323,001Nn00000eVYq0,8220001015851,石川サンケン株式会社,○,△ 要再確認：サンケン電気の子会社で、G列「373億円（2024年度）」の出所が承認ソースで確認できない。H列は自社HP会社概要（sanken-ele.co.jp/ishikawa/company/about-us/）としているが、当該ページの売上高記載は検索経路で確認できず、373億円/2024年度・従業員929名の組は石川県の就活サイト jobnavi-i.jp（求人媒体＝§3-4の禁止ソース）に載る値と一致する。さらに「2024年度」の指す期が判定を左右する致命的な曖昧さがあり、2024年3月期は298億円＝【300億未満】、2025年3月期が378億円との別値も流通している。基準線を跨ぐ企業のため決算期の確定が必須。自社HP会社概要またはサンケン電気の有報「関係会社の状況」で単体売上高と決算期を確定させるまで架電不可。,https://www.sanken-ele.co.jp/ishikawa/;https://www.sanken-ele.co.jp/corp/about_sanken/corp06.htm;https://jobnavi-i.jp/detail_company?id=383;https://info.gbiz.go.jp/hojin/ichiran?hojinBango=8220001015851
342,001Nn00000eVYzm,9180001031803,セキスイハイム中部株式会社,○,○ 妥当：積水化学工業100%子会社だが、自社HP会社概要（816chubu.jp/company/）に売上高383.5億円（2025年度）の記載があることを確認。承認ソース（自社公式サイト）に該当し、子会社単体300億以上の要件を満たす。判定○は妥当で架電してよい。留意点として300億をわずかに超える水準であり、採用媒体側では「セキスイハイム中部グループ」名義で同社を扱っているため、383.5億円がセキスイファミエス中部等を含む合算値である可能性は完全には排除できない。次期の減収で基準割れしうるため定期再確認を推奨。,https://www.816chubu.jp/company/;https://www.816chubu.jp/company/plofile.pdf
365,001Nn00000eVZ3f,5120001067360,帝人フロンティア株式会社,○,"○ 妥当：帝人の子会社だが繊維商社として単体でも2,000億円規模であり、300億基準は堅い。自社IRサイトに決算公告ページと業績ハイライト（単体・連結を併記、2024年度よりIFRS任意適用と注記）が実在することを確認。子会社に親（帝人連結1兆3,860億円）を当てる誤りもなく、単体2,096.27億円は連結値ではない。判定○・単体採用ともルール通りで架電してよい。",https://www2.teijin-frontier.com/ir/public_notice/;https://www2.teijin-frontier.com/ir/highlights/;https://www2.teijin-frontier.com/company/outline/
421,001Nn00000eVZpf,3030001023283,埼玉日産自動車株式会社,○,○ 妥当：日産系販売会社（子会社）だが単体440億円（2024年度）で300億超。数値・年度は複数経路で一致。ただしH列の出典URLが dealersaiyo.nissan.co.jp（日産販売会社グループ共通の採用サイト）で自社ドメイン外のため、§5-3-9の「自社ドメイン内の採用ページ」に合わせて自社採用サイト「3分でわかる埼玉日産」(saitama-nissan.jp/recruit/aboutus) または会社情報ページへの差し替えを推奨。判定○は妥当で架電してよい。,https://saitama-nissan.jp/recruit/aboutus;https://ni-saitama.nissan-dealer.jp/company/about.html
474,001Nn00000eVa8R,3100001002453,株式会社Ｕホールディングス,○,"○ 妥当：株式会社Uホールディングスは長野トヨタ自動車・宇都宮商会・トヨタL&F長野・トヨタレンタリース長野等を傘下に持つ純粋持株会社であることを公式サイトで確認。§3-3によりHDはグループ連結300億超で可のため、グループ値の採用自体が正しくルール違反ではない。グループ売上高は950〜980億円規模で300億を大きく超える。ただしG列「963.9269億円（2026年3月期）」は公式の概要・組織ページでは確認できず、同ページには「977億2,302万円（2025年3月末）」の記載が見られるため、決算期と金額の組み合わせのみ自社HPで再照合を推奨。判定○は変わらず架電してよい。",https://www.toyota-ugroup.com/company/overview/;https://www.toyota-ugroup.com/company/groupcompanies/;https://www.toyota-ugroup.com/202003311106/
508,001Nn00000eVaIB,7010601012155,京成電鉄株式会社,○,"○ 妥当：京成電鉄（東証プライム9009）は京成グループの上場親会社。2026年3月期決算短信（連結）の営業収益3,324億2,400万円（前期比4.1%増）を確認しG列3,324億円と一致。§3-3により親会社は連結値可、単体も300億超。鉄道業のため計上科目は営業収益（§3-7）である旨をH列に明記するとなお良い。",https://www.nikkei.com/nkd/disclosure/tdnr/20260507518855/;https://www.keisei.co.jp/keisei/ir/library/presentation.html
524,001Nn00000eVaJZ,4120001083078,株式会社ダイコク,○,"○ 妥当：株式会社ダイコク（大阪・ダイコクドラッグ）は複数の子会社を持つグループ親会社で、上位に持株会社は確認されず。自社HP会社概要のグループ売上高94,212百万円（2025年8月期・税抜）を再確認、94,212百万円＝942.12億円で桁も検算一致。§3-3により親会社はグループ値可。直近期で鮮度可。",https://daikokudrug.com/company/
535,001Nn00000eVaUF,2120901025775,マリンフード株式会社,○,"△ 要再確認：G列「437.7824億円（2025年12月期・連結）」の決算期と区分に疑いがある。出典とみられる自社HPのPDFはファイル名が 67sales.pdf（第67期）でページ表題も「総売上高」＝グループ合計の表記であり、連結財務諸表上の連結売上高とは異なる可能性が高い。一方、決算公告ベースでは第68期（2024年12月31日現在）の売上高が35,648百万円＝356.48億円との情報があり、G列と約81億円乖離する（ただしこの出所は個人ブログのため承認ソース外）。マリンフードは独立系の親会社であるためグループ値の採用自体は§3-3上OKで、単体356.48億円でも300億は超えるため判定○が覆る可能性は低いが、G列の決算期（2025年12月期か第67期＝過年度か）と「連結」表記の正誤を自社HP財務ページで確定させる必要がある。なお catr.jp 等で近接して出る「マリンフーズ株式会社」（マルハニチロ系）は別法人につき混同注意（§6-2）。",https://www.marinfood.co.jp/com/summary/img/67sales.pdf;https://www.marinfood.co.jp/com/office/;https://www.marinfood.co.jp/
695,001Nn00000eVcNy,6140001069164,エスフーズ株式会社,○,"○ 妥当：エスフーズは東証プライム上場の親会社であり、§3-3により連結値の採用が正しい。2025年2月期は第2四半期時点で連結売上高2,189億円（前年同期比4.7%増）と決算短信で確認でき、通期4,445億円と整合。桁の誤りもなく、自社HP会社概要の「グループ年間売上高4,445億円」は承認ソース。判定○は妥当で架電してよい。",https://sfoods.co.jp/company03.html;https://www.sfoods.co.jp/pdf/tanshin/tanshin105.pdf
749,001Nn00000eVcav,5290001049739,株式会社ユーコー,○,"△ 要再確認：§3-3/§6-4違反の疑い。G列868億円は自社HP会社概要が「グループ売上高868億円（2024年11月期）」「グループ従業員数847名」と明示的にグループ値として注記している数字であり、株式会社ユーコー単体の売上高ではない（行38ヤマウチと同型の誤り）。またグループの持株会社は別法人の株式会社ユーコーホールディングスであり、株式会社ユーコー（法人番号5290001049739・資本金5千万円）は持株会社ではなく傘下の事業会社と見られるため、子会社にグループ連結値を当てることは一律NG。単体については catr.jp 掲載の第45期決算公告に売上高749億8,100万円との記載があるが、(1)catr.jp単独依存で§7-1の先方確認待ち、(2)第45期は設立1974年から数えて2019年前後で§3-8の直近3期を外れる、の二点で根拠にできない。単体の直近売上高を承認ソース（自社HP財務情報・官報・ユーコーHDの開示）で確定するまで架電不可。あわせて遊技場業は貸玉料の総額/純額表示で数字が激変するため§6-3の確認も必要。",https://www.yuko-lucky.com/corporate/company/overview/index.html;https://www.yuko-lucky.com/corporate/company/group_business/index.html;https://catr.jp/settlements/50916/41013
809,001Nn00000eVdON,2430001016743,株式会社ムトウ,○,"○ 妥当：株式会社ムトウはグループ23社（信州ムトウ、日本医療器研究所等）を擁する親会社であり、§3-3でグループ値の採用可。自社HP会社概要に「売上高1,793億円（2025年6月期 グループ計）」「従業員1,241名（2025年6月期 グループ計）」の記載を確認。300億を大幅に超え、決算期も直近3期以内。",https://www.wism-mutoh.jp/company/company/; https://www.wism-mutoh.jp/bases/group/
829,001Nn00000eVdV6,6230001012346,アイシン軽金属株式会社,○,○ 妥当：アイシンの子会社だが単体で900億円超（2025年3月期910億円との別経路値あり、G列は2025年度952億円）。いずれの期でも300億を大きく超え、アイシン連結（約4.9兆円規模）を誤って当てた形跡もない。自社HP（aisin.com内のアイシン軽金属サイト）に会社概要・財務情報ページが実在することを確認。判定○・単体採用ともルール通りで架電してよい。,https://www.aisin.com/jp/group/aisin-ak/jp/company/outline.php;https://www.aisin.com/jp/group/aisin-ak/jp/company/financial.php
834,001Nn00000eVdVD,4350001004184,株式会社デンソー宮崎,○,○ 妥当：デンソー100%子会社だが単体361億円（2024年度実績・従業員590名/2025年3月末）で300億超。自社HP会社概要（denso.com/group/denso-miyazaki/company-profile/about-company/）の記載内容と一致し、承認ソース要件を満たす。デンソー連結（約7兆円規模）を当てた形跡はなく、単体採用も正しい。判定○は妥当で架電してよい。なお宮崎県内に別法人「株式会社宮崎デンソー」(m-denso.co.jp)が存在するが本件とは別会社（§6-2）、本行は法人番号4350001004184の株式会社デンソー宮崎で相違なし。,https://www.denso.com/group/denso-miyazaki/company-profile/about-company/;https://www.miyazaki-investment.com/archives/voice/%E6%A0%AA%E5%BC%8F%E4%BC%9A%E7%A4%BE%E3%83%87%E3%83%B3%E3%82%BD%E3%83%BC%E5%AE%AE%E5%B4%8E
835,001Nn00000eVdVG,1200001001471,岐阜プラスチック工業株式会社,○,"○ 妥当：岐阜プラスチック工業はリスパック・リス・リスジョイントプロダクツ・リス興業を擁する「リスのプラスチックグループ」の親会社であり、§3-3でグループ連結の採用可。グループ連結1,137億円（2024年度＝2025年3月期）。加えて同社単体も429.84億円（第72期・2025年3月期）とされ、単体でも300億を超える見込みで二重に安全。桁・決算期とも整合。",https://www.risu.co.jp/group/company/gifu-plastic-industry/; https://catr.jp/companies/d6ab7/11647/settlements/ffabe/415858
849,001Nn00000eVdW8,5120101023932,株式会社ＩＨＩインフラシステム,○,"○ 妥当：IHI100%子会社だが単体541.30億円（2025年3月期）で300億超。54,130百万円＝541.30億円の換算も正しく桁誤りなし（§6-1）。IHI連結（約8,000億円規模）を当てた形跡もない。ただしH列記載のURL(/iis/news_iik/2025/250718.html)は検索上で確認できず、実在が確認できたのは /iis/news/2025/250718.html（およびIHIインフラ建設側 /iik/news/2025/250718.html）のため、出典URLの訂正を推奨。なお2025年7月18日付でIHIインフラ建設を吸収合併する統合が公表されているが存続会社は本社のため法人格は維持、§6-7には該当しない。判定○は妥当で架電してよい。",https://www.ihi.co.jp/iis/news/2025/250718.html;https://www.ihi.co.jp/iik/news/2025/250718.html;https://www.ihi.co.jp/iis/company/outline/index.html
852,001Nn00000eVdYs,3260001015349,株式会社スチールハブ,○,"△ 要再確認：今治造船子会社に対し単体値を当てる建て付け自体は§3-3どおりで、規模も300億を大きく超えるため判定○は覆らない見込み。ただしG列1,384億円（2026年3月期）はH列記載の自社HP会社概要側で再確認できず、マイナビ2028掲載値と同一。自社ドメインで拾えたのは2022年度1,064億円で§3-8の直近3期から外れる。自社HP会社概要の最新掲載値と決算期を直接確認のこと。",https://steelhub.co.jp/company/;https://steelhub.co.jp/recruit/
853,001Nn00000eVdcL,8011001035803,株式会社エスアイシステム,○,"○ 妥当：雪印メグミルク100%子会社に対し単体値を採用しており§3-3・§6-4の適用は正しい（親のグループ値を当てていない）。株式会社・法人番号も整合。G列1,796億円（2026年2月期）自体は自社HP側で数値抽出できず再確認に至らなかったが、事業実態（セブン＆アイ各社向けチルド/フローズン食品卸＋共同配送センター運営、従業員544名）と決算期2月（7&i系と一致）が整合し、300億超は確実なため○を維持。",https://www.sistm.co.jp/company/;https://www.sistm.co.jp/recruit/recruit_graduate/recruit_data/
854,001Nn00000eVdcQ,9120901017329,グリーンホスピタルサプライ株式会社,○,"○ 妥当：シップヘルスケアHD子会社に対し単体1,041億円を採用しており、グループ連結7,181億円（2026年3月期）を誤用していない点で§3-3・§6-4に適合。H列の自社HP会社概要URLも実在。他ソースでも2024年3月期964億円→2025年973億円と増加基調で1,041億円（2026年3月期）と整合。300億超は確実。",https://ghs-inc.co.jp/company/company_about/;https://ghs-inc.co.jp/company/ship-healthcare-group/
931,001Nn00000eVeWr,4320001011084,ダイハツ九州株式会社,○,"○ 妥当：第79期決算公告の売上高3,474億8,800万円＝347,488百万円でG列の桁・値とも一致（検算OK。第78期3,417.45億／第77期4,678.49億と系列も整合）。ダイハツ工業子会社だが単体決算公告値を採用しており§3-3適用は正しい。出典のgBizINFOは§3-4③の公的機関ソースで承認範囲内。なお第80期（2026年3月期）は4,543.27億円と更新済みのため、最新期へ更新するとさらに堅い。",https://catr.jp/companies/021c3/14470/settlements/9e911/409097;https://catr.jp/companies/021c3/14470
933,001Nn00000eVeWt,4160001008106,古河ＡＳ株式会社,○,"△ 要再確認：古河電工グループ子会社に単体値を当てる建て付けは正しいが、G列1,905億円（2025年度）を承認ソース上で確認できない。自社サイト（会社概要／数字で見る古河AS）は数値が画像・グラフのため検索で抽出不可、一方で禁止ソース側は1,233億円と大きく乖離しており、1,905億円が『数字で見る古河AS』のグループ売上高（＝§3-3が禁じる子会社へのグループ値当て）である可能性を排除できない。ただし低い方の値でも300億を大幅超過のため判定○自体は覆らない見込み。会社概要の単体/グループ表記と決算期を直接確認のこと。",https://www.furukawaas.co.jp/corporate/overview/;https://www.furukawaas.co.jp/figures/;https://www.furukawaas.co.jp/public-notice/public-notice-1494/
939,001Nn00000eVeXH,3180001038176,ロジスティード中部株式会社,○,○ 妥当：ロジスティード子会社に単体値を採用しており§3-3適用は正しく、300億超も確実。ただしH列のURL https://www.logisteed.com/centraljapan/company/profile/ は実在せず、正しい会社概要は https://www.logisteed.com/centraljapan/corpo/outline/ 。G列549億円（2025年度）自体は再確認できなかったが、他ソースの2023年度488億円・2024年度507億円と整合する増加基調で、いずれの値でも300億超。2025年度決算公告が自社サイトに掲示済みのため、そちらで単体売上高を確定させると万全。,https://www.logisteed.com/centraljapan/corpo/outline/;https://www.logisteed.com/centraljapan/corpo/index.html
949,001Nn00000eVeYy,8010001053740,双日建材株式会社,○,"○ 妥当：自社HP会社概要で売上高797億円（2026年3月期）を確認、H列URLも実在。双日100%子会社に対し単体値を採用しており§3-3適用は正しい。収益認識基準前の総額売上高1,878億円を併記している点も§6-3の要求を満たしている。修正不要。",https://www.sojitz-bm.com/corporate/profile/;https://www.sojitz-bm.com/corporate/financial/;https://info.gbiz.go.jp/hojin/ichiran?hojinBango=8010001053740
955,001Nn00000eVejL,1340001014971,サンキョーミート株式会社,○,○ 妥当：伊藤ハム米久HD100%子会社に単体値を採用しており§3-3適用は正しい。売上高700億円は2025年3月期の値で、G列の『2024年度』と決算期が一致（§3-8の鮮度も可）。300億超は確実。表記上の指摘のみ：H列の『売上規模700億円』は『売上高700億円（2025年3月期）』と明記した方が監査時に曖昧さがない。,https://sankyomeat.co.jp/en/company/company-profile/;https://sankyomeat.co.jp/
960,001Nn00000eVevG,5120001043493,株式会社サステック,○,○ 妥当：株主はメタルワンおよび日本製鉄で子会社に該当するが、採用値は単体607億円（2024年度＝2025年3月期）であり§3-3適用は正しい。直近期2026年3月期は582.23億円（前年比▲4.19%）で、逆算すると前期607.7億円となりG列と整合（検算OK）。いずれの期も300億超。より新しい2025年度値へ更新する余地あり。,https://www.sustech.co.jp/company/;https://catr.jp/companies/a29f9/26101
964,001Nn00000eVevZ,4120101022051,株式会社クボタケミックス,○,○ 妥当：クボタ100%子会社に単体値を採用しており§3-3適用は正しく、H列URL（会社概要・沿革）も実在。G列566億円（2025年12月期）は自社サイトの数値を検索経由で抽出できず値そのものの再確認には至らなかったが、同期の純利益85.9億円・総資産715.16億円という規模、および2018年度453.25億円からの推移と矛盾せず、300億超は確実。決算期12月もクボタ本体と一致し整合。,https://www.kubota-chemix.co.jp/company/outline.html;https://www.kubota-chemix.co.jp/recruit/graph.html;https://info.gbiz.go.jp/hojin/ichiran?hojinBango=4120101022051
968,001Nn00000eVezF,9250001010007,東ソー物流株式会社,○,○ 妥当：自社HP「業績・決算広告」ページで2026年3月期の単体売上高538億円（連結613億円）を分離記載で確認。東ソーの子会社だが単体538億で§3-3の子会社単体300億以上を満たす。連結値は不使用。H列のURLは現行構成では https://www.tosoh-logi.co.jp/about/financial/ に修正が必要。,https://www.tosoh-logi.co.jp/about/financial/;https://www.tosoh-logi.co.jp/about/company/
978,001Nn00000eVf3j,1010401016618,大東建託パートナーズ株式会社,○,"○ 妥当：会社概要で売上高1,150,921百万円（2026年3月現在）を確認し、11,509.21億円への換算も桁一致（検算OK）。大東建託100%子会社だが単体値を採用しており§3-3・§6-4に適合。ただしH列のURL https://www.kentaku-partners.com/company/profile/ は実在せず、正しくは https://www.kentaku-partners.co.jp/corporate/outline/ （ドメイン・パスとも要修正）。",https://www.kentaku-partners.co.jp/corporate/outline/
983,001Nn00000eVf44,6140001018996,伊藤ハム株式会社,○,"○ 妥当：伊藤ハム米久HD子会社に単体1,529億円（2025年3月期）を採用しており、HD連結9,888億円を当てていない点で§3-3・§6-4に適合。自社HP会社概要URLも実在し、同名・類似名の伊藤ハム販売（1,360億円）との取り違えもなし（§6-2確認済み）。300億超は確実。決算期は直近3期内だが2026年3月期への更新余地あり。",https://www.itoham.co.jp/corporate/company/;https://www.itoham-yonekyu-holdings.com/Portals/0/saiyo/corporate/
986,001Nn00000eVf49,2080001004346,株式会社ＴＯＫＡＩコミュニケーションズ,○,"○ 妥当：TOKAI HD子会社に対し単体値を採用しており§3-3・§6-4の適用は正しい（HD連結値を当てていない）。H列の自社HP会社概要URLは実在し§3-4①の承認ソース、自社サイトに電子公告・決算公告ページもあり。G列644.27億円＝64,427百万円の換算は桁一致（検算OK）。前年度の単体売上高62,478百万円（624.78億円）とも整合する増加基調で、300億超は確実。法人番号2080001004346・静岡市も一致。",https://www.tokai-com.co.jp/company/overview.php;https://www.tokai-com.co.jp/company/notice.php;https://www.tokai-com.co.jp/company/pdf/companybrochure_jp.pdf
997,001Nn00000eVf4e,4240001006976,中電プラント株式会社,○,△ 要再確認：中国電力100%子会社のため単体300億以上が必須。G列489億円（2025年度）を承認ソースで再現できず。自社HP会社概要 outline.html は実在するが売上高の記載を確認できなかった。検索で繰り返し返るのは2025年3月期526億円で、出典はマイナビ／NIKKEI COMPASS等の禁止ソース。決算期表記『2025年度』が3月期のどの年かも不明瞭。規模的に300億超は堅いが、単体売上高の承認ソース（自社HP会社概要の実記載／官報決算公告）での再確認が必要。,https://www.chuden-plant.co.jp/company/outline.html;https://www.chuden-plant.co.jp/company/;https://catr.jp/companies/e59bb/13610
1006,001Nn00000eVfBW,6010001051746,東芝産業機器システム株式会社,○,"○ 妥当：東芝子会社だが単体800.05億円で300億超。80,005百万円＝800.05億円で桁検算OK（§6-1）。第61期＝2024年3月期で直近3期以内（§3-8）。出典のgBizINFOは公的機関で承認ソース。ただし当該数値をWebSearchで独立再現はできず、第62期・第63期の決算公告が既に公表済み（決算公告DBに掲載あり）のため、最新期の単体売上高への更新が望ましい。",https://prtimes.com/finance/6010001051746/settlement;https://prtimes.jp/finance/6010001051746/settlement;https://catr.jp/companies/4f750/31404
1014,001Nn00000eVfDO,5180001016824,株式会社三和化学研究所,○,○ 妥当：スズケン子会社だが単体467.33億円（2026年3月期）で300億超。売上高467億3300万円・2026年3月期で決算期も数値も一致（前期比2.2%減）。法人番号5180001016824（愛知県名古屋市）と一致し同名企業の取り違えなし。出典の自社HP企業概要ページも実在。,https://www.skk-net.com/corporate/profile.html;https://catr.jp/companies/f0701/24781/settlements/de2ba/267448
1018,001Nn00000eVfFO,4290801003094,株式会社ハローデイ,○,× 要修正：株式会社ハローデイは純粋持株会社・株式会社ハローデイホールディングス（別法人番号4290801007145）傘下の子会社であり、H列の「グループ親会社として連結売上高を採用」は誤り。§3-3により単体で判定する必要がある。もっとも自社HP会社概要および自社採用サイトが同社の売上高824億88百万円（2025年3月期。ハローデイ49店＋ボンラパス6店＝55店を運営）と記載しており単体で300億超と解されるため架電可否は○を維持。G列H列を「単体・ハローデイHDの子会社」表記に修正要。,https://www.halloday.co.jp/28.html;https://halloday-recruit.com/company.html;https://www.halloday.co.jp/sp/26.html
1027,001Nn00000eVfbu,7080001001990,静銀リース株式会社,○,"○ 妥当：しずおかフィナンシャルグループの子会社だが単体331億円で300億超。自社HP『静銀リースについて』にドメイン限定検索で到達し、売上高331億円（2026年3月期）・資本金2億5,000万円・従業員130人（2026年4月1日時点）を確認。決算期・数値とも一致。ただし300億をわずかに超える水準（前年比▲1.18%の減収）のため、次期減収で割り込む可能性があり定期再確認を推奨。",https://www.shizugin-lease.com/about
1067,001Nn00000eVfqz,8140001018870,株式会社村元工作所,○,"○ 妥当：村元工作所はタイ・フィリピン・インドネシア・チェコ・米国の拠点を統括する親会社であり、親会社はグループ連結で可（§3-3）。自社HP会社概要でグループ連結売上高1,121億円（2025年度）、連結従業員約8,500名（2025年10月現在）を確認、G列と一致。単体従業員161名で単体売上は非公表のため、子会社であれば不足の恐れがあるが親会社のため問題なし。なおH列記載URL（/companyinfo/profile-locationlist/）は検索で到達できず、実在確認できたのは https://www.muramoto.com/jp/companyInfo/infoAccess 。",https://www.muramoto.com/jp/companyInfo/infoAccess;https://www.muramoto.com/jp/companyInfo;https://info.gbiz.go.jp/hojin/ichiran?hojinBango=8140001018870
1096,001Nn00000eVg0l,2012701012287,飯田グループホールディングス株式会社,○,"○ 妥当：ホールディングス（親会社）の連結でありグループ連結300億超で可。2026年3月期決算短信〔IFRS〕（連結・2026年5月15日開示）で売上収益1兆5,088億64百万円、営業利益944億44百万円を確認。1兆5,088億円＝15,088億円で桁検算OK（§6-1）。決算期・数値ともG列と一致。",https://www.nikkei.com/markets/ir/irftp/data/tdnr/tdnetg3/20260515/fxfe7a/140120260515538214.pdf;https://www.housenews.jp/house/36172
1137,001Nn00000eVgpc,3130001020766,株式会社コスモネット,○,"△ 反証成立（○→△）：G列1,040億円（2026年3月期・グループ計）は承認ソースで再現不能。自社ドメイン限定検索を含む計3回の検索でも1次が挙げた会社概要URL（/company/outline/index.html）は一度も検索結果に現れず、到達できたのは /company/ と /company/history.html のみ。自社発信で確認できた唯一の売上値は旧サイトのバックアップドメイン（cosmonet-mail-bak.ekzm.net）の会社概要『年商890億7,800万円（2022年3月期グループ計）／従業員2,168名（2022年3月現在）／資本金5億6,600万円／本社 京都市中京区』で、2022年3月期は直近3期（2024年3月期以降）から外れる（§3-8）。1次・前回再検証が根拠にした2025年3月期951億7,300万円はNIKKEI COMPASS／SalesNow等の禁止ソース由来。さらに『グループ計』は連結決算とも単体とも異なる表記で、コスモネット単体の売上高は非開示。同社は1991年に株式会社高島電通からの会社分割で設立された経緯があり（自社沿革）、上位会社の存在を否定できず、子会社ならグループ計は使用不可（§3-3）。規模的推定で○を維持するのは§3-5違反。G列は『確認不可』が正しく、直アポ大に載せてはいけない。",https://www.cosmonet.ne.jp/company/;https://www.cosmonet.ne.jp/company/history.html;https://cosmonet-mail-bak.ekzm.net/company/outline.html
1138,001Nn00000eVgpd,5013301012443,株式会社良品計画,○,"○ 妥当：親会社の連結。2025年8月期決算短信〔日本基準〕（連結・2025年10月10日開示）で営業収益7,846億29百万円（前期比18.6%増）を確認、G列と一致。2026年8月期は未発表のため2025年8月期が直近（§3-8適合）。§3-7の『営業収益』表記もH列に明記済みで問題なし。",https://finance-frontend-pc-dist.west.edge.storage-yahoo.jp/disclosure/20251010/20251009571106.pdf;https://www.nikkei.com/nkd/disclosure/tdnr/20251009571106/
1196,001Nn00000eVhs1,9380001005415,佐藤燃料株式会社,○,△ 要再確認：決算期の裏付けなし＋グループ合算値。340億円は禁止ソース（マイナビ各年版）に「2022年4月〜2023年3月期」「340億円（関連子会社含む）」として載る値と完全一致し、G列の「2025年3月期」を裏付ける承認ソースがない。2023年3月期なら§3-8の直近3期外。自社HP会社概要（satonenryo.com/profile）は存在を確認できたが売上高記載を確認できず。「関連子会社含む」＝アイソン・梁川プロパン・日立礦油等を含む合算で単体は300億未満の可能性。,https://www.satonenryo.com/profile; https://info.gbiz.go.jp/hojin/ichiran?hojinBango=9380001005415
1234,001Nn00000eVhwq,2030001026469,株式会社第一コーポレーション,○,○ 妥当：第一コーポレーションはリブコーポレーション・みらいく等を擁する第一コーポレーショングループの親会社であり、親会社はグループ連結で可（§3-3）。自社HP会社概要で2026年3月期グループ連結465億円を確認、G列・H列のURLとも一致。法人番号2030001026469がgBizINFOの同社と一致し同名企業の取り違えなし（アミューズメント／ホテル／カルチャー／保育所運営）。,https://daiichi-j.co.jp/about/profile/;https://info.gbiz.go.jp/hojin/ichiran?hojinBango=2030001026469
1267,001Nn00000eVi3t,4010501021746,ＪＦＥケミカル株式会社,○,"○ 妥当：JFEスチール子会社だが単体787億円で300億超。自社HP会社情報に単独787億円・連結1,462億円（2024年3月期、従業員578名）が併記されており、連結ではなく単独を採用している点が正しい（§6-4）。合併・社名変更・法人格消滅は確認されず現存（公式サイト稼働）。ただし2024年3月期は直近3期以内のぎりぎり（§3-8）のため、最新期（2026年3月期）の単独売上高への更新が望ましい。",https://www.jfe-chem.com/company/;https://www.jfe-chem.com/;https://catr.jp/companies/21f82/20724
1318,001Nn00000eViT6,3050002035805,株式会社瑞穂農場,○,× 要修正：331億円は法人単体の売上高ではない。自社HP会社案内の原文は『2025年6月末時点 グループ合計売上390億円（内訳：農場売上331億円／その他売上59億円）』で、G列の331億円はグループ内の事業別内訳を単体売上のように記載したもの。正しくはG列『390億円（2025年6月末時点・グループ合計）』、H列『○ 自社HP会社案内。グループ合計売上390億円（農場売上331億円＋その他59億円） https://www.mizuho-farm.co.jp/company 』。瑞穂農場は下山畜産・フロンティアロード等を擁する親会社であり親会社はグループ値で可（§3-3）のため判定記号○自体は維持、架電可。法人番号3050002035805は株式会社瑞穂農場（旧・有限会社瑞穂農場）で法人格OK（§3-6）。ただし『グループ合計売上』が連結決算か単純合算かは自社HPに明示なし。,https://www.mizuho-farm.co.jp/company;https://www.mizuho-farm.co.jp/data-mizuho;https://info.gbiz.go.jp/hojin/ichiran
1338,001Nn00000eVia1,1010501000736,株式会社井田両国堂,○,"○ 妥当：自社HP『数字で見る井田両国堂』にグループ連結売上高2,376億円（2025年度実績）と明記され、G列・H列のURLと一致。IDAグループは井田ラボラトリーズ・セザンヌ化粧品・シャンティ等で構成され、持株会社の存在は確認されず、井田両国堂が自社サイトでグループ連結を開示している＝親会社と判断できるためグループ連結の採用は可（§3-3）。ただし井田両国堂“単体”の売上高は非公表であり、仮に上位に持株会社が存在する場合は子会社扱いで単体値が必要になる点は留意。",https://www.idaryogokudo.co.jp/company/number.html;https://www.idagroup.co.jp/group/detail;https://idagroup.co.jp/group/index.html
1348,001Nn00000eVih1,6011101026423,株式会社モンテローザ,○,"○ 妥当：株式会社モンテローザはモンテローザグループの中核・経営管理会社で、上位に持株会社は確認されず親会社扱いが妥当。自社HP会社概要で2026年3月期の連結売上高551億円（連結従業員1,360名）を確認。§3-3の「親会社はグループ連結300億超でOK」に合致。子会社への連結値当てはめではない。",https://www.monteroza.co.jp/company/profile/
1385,001Nn00000eViwY,3020001070574,株式会社五十嵐電機製作所,○,△ 要再確認：G列478億円（2024年度・グループ連結）を承認ソースで再現できず。自社HP会社概要 https://www.jp-igarashi.com/company/overview.html は実在するが、ドメイン限定検索を含む3回の検索でも売上高の記載に到達できなかった。一方で返るのは『2025年度 売上高49.99億円（従業員181名）』という単体規模の値のみで、478億円とは桁が1桁違う（§6-1の桁誤読リスク）。同社は米独印中香に拠点を持つ親会社のため、連結478億円が事実であれば○だが、(a)連結値の一次ソース、(b)決算期『2024年度』が直近3期以内か（§3-8）、の2点を確認するまで○にはできない。,https://www.jp-igarashi.com/company/overview.html;https://www.jp-igarashi.com/company/point.html;https://info.gbiz.go.jp/hojin/ichiran?hojinBango=3020001070574
1505,001Nn00000eVjf1,7100001011005,シナノケンシ株式会社,○,○ 妥当：シナノケンシはASPINAグループの親会社。2月決算で2026年2月期は単独435億円・連結470億円と確認でき、G列H列の記載と完全一致。単体でも300億超のため親子判定に依存せず基準充足。直近期で鮮度可。,https://jp.aspina-group.com/ja/group-info/pdf/pdf-shinanokenshi-165-1.pdf
1529,001Nn00000eVjsq,4010001046343,協同乳業株式会社,○,× 要修正：協同乳業は2022年6月にJA全農が株式51.0%を取得した全農の子会社（自社HPニュース「全農の子会社化について」および全農プレスリリースで確認）。H列の「グループ親会社のため連結採用」は誤りで、§3-3により子会社は単体で判定する必要がある。売上高は2024年度で単体555億円／グループ連結762億円とされ単体でも300億超の見込みだが、G列の793億円（2026年3月期・連結）は今回どの承認ソースでも確認できず。単体値＋出典の差し替えが必要。,https://www.meito.co.jp/news/20220524.html;https://www.zennoh.or.jp/press/release/2022/90169.html;https://www.meito.co.jp/about/company.html
1566,001Nn00000eVk9F,6010001008696,西華産業株式会社,○,"○ 妥当：西華産業（東証プライム8061）は西華産業グループの上場親会社。2026年3月期 連結売上高1,084億8,500万円（前期比15.7%増、営業利益80億3,100万円）を自社IR決算説明会資料ベースで確認しG列1,084.8億円と一致。§3-3により親会社は連結値可。直近期で鮮度可。",https://www.seika.com/assets/pdf/FY2026_financial-report.pdf;https://www.seika.com/ir/library/financial/
1594,001Nn00000eVkPm,2120001068527,日昌株式会社,○,"○ 妥当：日東電工100%子会社だが、単体の2026年3月期売上高315億5,100万円（≒315億円）を確認。§3-3の「子会社は単体300億以上のみOK」を満たす。連結601億は判定に使わず単体を採用しており処理も正しい。ただし300億のボーダー近傍かつ自社HP会社概要の本文取得までは至らず、次期更新時に掲載値の再確認を推奨。",https://www.nissho-group.com/company/outline/;https://www.nissho-group.com/company/
1597,001Nn00000eVkPw,5010701020092,株式会社バルカー,○,"○ 妥当：バルカー（東証プライム7995）は自社が上場親会社。2026年3月期の連結売上高585億5,600万円（前期比2.6%減）を業界紙報道および自社IRで確認、G列585億円と一致。単体約403億円も300億超で連結・単体いずれでも基準充足。決算期も直近期で鮮度可。",https://www.valqua.co.jp/ir/plan/;https://www.gomutimes.co.jp/?p=213975
1613,001Nn00000eVkRV,9290001013666,株式会社新出光,○,"○ 妥当：株式会社新出光はイデックスグループの親会社（独立系。出光興産とは別法人）。自社HP会社概要の2025年度 単体2,323億円／グループ2,862億円をWebSearchで再確認しG列H列と一致。§3-3により親会社はグループ値可だが、単体2,323億円だけでも300億超のため親子判定に依存せず基準充足。架電OK。",https://www.idex.co.jp/
1644,001Nn00000eVkiq,5180001033068,名鉄都市開発株式会社,○,○ 妥当：名鉄都市開発は名古屋鉄道グループ不動産事業の中核「子会社」だが、採用値837億57百万円は親会社の連結値ではなく同社自身の2025年3月期売上高。子会社でも単体300億以上はOKという§3-3の条件を満たす（桁も名鉄の不動産セグメント規模と整合）。出典が親会社名鉄の公式グループ採用情報のため、可能なら名鉄有報「関係会社の状況」で突合を推奨（他ソースでは837億58百万円との記載あり）。,https://www.meitetsu.co.jp/ir/reference/statement/__icsFiles/afieldfile/2025/05/08/kessan250508.pdf;https://compalyze.co.jp/company/5180001033068
2010,001Nn00000eVpTA,5070001009541,三益半導体工業株式会社,○,"○ 妥当：信越化学工業の完全子会社（2024年8月TOB成立・上場廃止）だが、子会社“単体”909.36億円で300億超のため§3-3を満たす。ソースはJPX掲載の決算短信＝承認ソース②。桁検算 90,936百万円＝909.36億円で一致。※上場廃止により2025年5月期以降は非公表、2024年5月期が最新。§3-8の直近3期以内には収まるが期限が近く、次期以降は鮮度切れになる点に注意。",https://www2.jpx.co.jp/disc/81550/140120240625536992.pdf; https://www.nikkei.com/article/DGXZQOUC257DJ0V20C24A4000000/
2034,001Nn00000eVpZ3,2010001101505,ＪＦＥ建材株式会社,○,"△ 要再確認：子会社に自社「連結」値を採用（§3-3・§6-4）。JFE建材はJFEスチールの子会社であり、単体300億以上でなければ対象外だが、G列515.32億円は同社の連結売上高（51,532百万円＝515.32億円・2025年3月期、桁は検算済）で単体ではない。単体売上高は承認ソースで未確認。自社の電子公告ページに第81期（2026年3月期）の単体貸借対照表・損益計算書PDFが掲載されており、そこで単体売上高を確認すれば○×を確定できる（併せて最新期への更新も可）。",https://jfe-kenzai.co.jp/news/news-release/release-20250519-about-achievements-march-2025/; https://jfe-kenzai.co.jp/corporate-insight/electronic-public-notice/
3113,001Nn000013S6os,7010001006880,フクダ電子株式会社,○,"○ 妥当：フクダ電子は東証上場（6960）の親会社。自社HP会社概要にフクダグループ売上高1,396億9,700万円（2026年6月現在の掲載＝2026年3月期実績とみられる）、2025年3月期決算短信でも連結1,390億07百万円で整合。いずれも300億超で§3-3適合。ただしG列に決算期の記載がなく「（2026年3月期・連結）」等の追記が望ましい（§4書式）。",https://www.fukuda.co.jp/company/information.html;https://www.fukuda.co.jp/press/2025/pdf/250515.pdf;https://www.fukuda.co.jp/ir/data/pdf/ir20250522.pdf
3295,001Nn000013SdXd,2150001012449,岡本株式会社,○,"○ 妥当：自社サイトのニュース「岡本グループ2026年3月期連結決算概要」で連結売上高498億円・経常利益38億円、従業員531人（グループ計1,450人・2026年4月現在）を確認。岡本株式会社はグループ親会社で連結値採用は§3-3適合、決算期も最新。出典URLは会社概要ページより当該決算概要ページの方が適切。",https://www.okamotogroup.com/information/post10439/;https://www.okamotogroup.com/information/post8341/
3324,001Nn000013SdZQ,4011101001064,株式会社アデランス,○,"○ 妥当：株式会社アデランスは国内外に連結子会社を持つグループ親会社（自社で連結決算を公表）であり、§3-3で連結採用可。自社IRサイトに業績ハイライト（連結・単体）ページが承認ソースとして存在し、連結売上高は継続して700〜800億円規模で300億を大きく超える。ただし「2026年2月期79,359百万円」という具体値は検索要約に現れず本再検証では再取得できなかった（WebFetch遮断）。判定は妥当だが数値・決算期の突合は自社IRページで一度行うことを推奨。",https://www.aderans.co.jp/corporate/ir/financial/index.html; https://www.aderans.co.jp/corporate/ir/financial/index2.html; https://www.aderans.co.jp/corporate/company/profile/
3328,001Nn000013SdZc,6011201005310,南日本運輸倉庫株式会社,○,○ 妥当：自社会社案内（mtls.co.jp・Ver.2025.06.01）に単体約270億円／グループ約500億円の記載。単体は300億未満だが、同社は南日本運輸倉庫グループの親会社であり（上位の親会社・持株会社は承認ソース・法人情報とも確認されず）、§3-3「親会社は単体300億未満でもグループ連結300億超で可」に該当。もし他社の子会社と判明した場合は単体270億円で×になるため、その一点のみ要注意。,https://mtls.co.jp/img/company/company_profile_202506.pdf;https://mtls.co.jp/pdf/mtls.pdf
3371,001Nn000013SdcG,7011001106943,ＴＤＩ株式会社,○,"○ 妥当：法人番号7011001106943＝情報技術開発株式会社で、自社ニュース（2026年2月5日）のとおり2026年4月1日にTDI株式会社へ商号変更。同社はTDIグループ（TDIシステムサービス、TDIプロダクトソリューション等）の親会社で、グループ連結売上高459億1,480万円（2025年3月期）・従業員2,089名。親会社の連結値採用で§3-3適合、鮮度も§3-8内。",https://www.tdi.co.jp/information/20260205/;https://www.tdi.co.jp/company/;https://info.gbiz.go.jp/hojin/ichiran?hojinBango=7011001106943
3379,001Nn000013SdcQ,1010401029669,森ビル株式会社,○,"○ 妥当：自社IR「2026年3月期決算報告」（2026年5月15日）で連結売上高（営業収益）4,111億円・前期比6.5%増、営業利益979億円を確認。森ビルは森ビルグループの親会社で、単体も含め300億を大きく超えるため§3-3適合。決算期は最新で§3-8適合。原文は「営業収益」表記。",https://www.mori.co.jp/_mori_assets/files/assets/3f2dbd9a710d4daaaa8451a27e512959/c71af0e2bd21449f88f3068b5d391b67/260515_2.pdf;https://www.mori.co.jp/company/ir/financial/;https://www.mori.co.jp/company/profile/
3388,001Nn000013Sdcf,5010001034958,株式会社ＹＵＡＳＡ,○,"○ 妥当：法人番号5010001034958はユアサ商事＝2026年4月1日に商号変更した株式会社YUASA（東証プライム8074）で同一法人。2026年3月期通期決算短信の連結売上高は544,027百万円＝5,440.27億円（前期比3.1%増）。G列の545,027百万円＝5,450.27億円は10億円ズレの誤記とみられ5,440.27億円へ微修正推奨。上場親会社の連結値で判定・架電OKは不変。",https://www.yuasa.co.jp/ir/library/financial-results/;https://finance-frontend-pc-dist.west.edge.storage-yahoo.jp/disclosure/20260508/20260507517779.pdf;https://info.gbiz.go.jp/hojin/ichiran?hojinBango=5010001034958
3401,001Nn000013SddA,5010001010216,株式会社アペックス,○,"△ 要再確認：法人番号5010001010216はアペックス東京本社所在地（千代田区九段南2-3-14 靖國九段南ビル）に登記された別法人（設立1984年4月・資本金1,000万円）で、自社サイトの主体である法人番号1180001092373（愛知県大府市・設立1963年2月・資本金5,000万円）と不一致。行3478と同一URL・同一値の重複計上であり、グループ372億をこの法人に当てる根拠がない（§6-2・§3-3）。B列法人番号の再照合が必要。",https://houjin.jp/c/5010001010216;https://info.gbiz.go.jp/hojin/ichiran?hojinBango=1180001092373;https://www.apex-co.co.jp/profile/profile.html
3440,001Nn000013SdeR,3010001017304,株式会社サタケ,○,"○ 妥当：法人番号3010001017304＝株式会社サタケ（本店 東京都千代田区外神田、設立1939年、米穀加工機械）で同名他社ではない。2025年2月期の連結売上高670億円・経常利益39億円、グループ従業員約3,000人で複数の検索結果が一致（広島県公式企業DB等）。サタケグループの親会社のため連結採用は§3-3適合、鮮度も§3-8内。",https://www.pref.hiroshima.lg.jp/go-hiroshima-database-kigyo/go-hiroshima-datebase-kigyo/go-data-00591.html;https://ps.nikkei.com/satake2603/;https://info.gbiz.go.jp/hojin/ichiran?hojinBango=3010001017304
3448,001Nn000013Sdei,4390001012522,株式会社ベガスベガス,○,"○ 妥当：自社サイト「会社概要・組織図」でグループ売上高1,516億円（2025年3月期）・社員1,543名を確認。法人番号4390001012522＝株式会社ベガスベガス（東京都中央区）と一致。自社にグループ会社ページを持つ親会社で上位の持株会社は確認されず、§3-3で可。数値はパチンコホールの貸玉売上ベースである点は留意。",https://www.vegasvegas.co.jp/m/corporate/outline.php;https://www.vegasvegas.co.jp/corporate/;https://www.vegasvegas.co.jp/group/
3468,001Nn000013Sdg4,9290001041205,三友通商株式会社,○,"○ 妥当：法人番号9290001041205＝三友通商株式会社（福岡県筑紫野市）で一致。三友グループの中核親会社。自社採用ページには「グループ合計 従業員1,503人・年商368億円（2025年3月末現在）」の記載で、G列の380億円（2026年3月末）も同種のグループ合算値。いずれも300億超で判定不変。単体値は非開示のため親会社前提での可。",https://mitomo-tusyo.co.jp/company/profile;https://mitomo-tusyo.co.jp/saiyo/about_us;https://info.gbiz.go.jp/hojin/ichiran?hojinBango=9290001041205
3478,001Nn000013Sdik,1180001092373,株式会社アペックス,○,"○ 妥当：法人番号1180001092373＝愛知県大府市柊山町の株式会社アペックス（設立1963年2月・資本金5,000万円）で自社サイトの主体と一致。会社概要の売上高372億円は2025年12月末時点でアペックス西日本を含むグループ合算値。対象はアペックスグループの中核親会社のため§3-3で可。単体値は非開示のため、親会社であることが前提の可。",https://www.apex-co.co.jp/profile/profile.html;https://www.apex-co.co.jp/profile/group.html;https://info.gbiz.go.jp/hojin/ichiran?hojinBango=1180001092373
3495,001Nn000013Sdlz,1010001228043,株式会社シノケングループ,○,"○ 妥当：株式会社シノケングループはグループ持株会社（親）。自社サイト財務ハイライト/自社掲載記事で2025年12月期の連結売上高1,309億7,500万円＝130,975百万円を確認。桁検算一致。§3-8の鮮度も適合。親会社のため連結値採用は§3-3に適合し、子会社への連結値当てはめではない。",https://www.shinoken.co.jp/about/finance/;https://www.shinoken.co.jp/about/company/;https://www.shinoken.co.jp/news/media/view/0018628/
3496,001Nn000013Sdmo,6011501021981,日本交通株式会社,○,"× 要修正：1,555億円は業務提携会社を含むグループ値で、自社HP企業情報の記載（2025年5月期 連結売上高913億640万円、業務提携会社を含め1,385億2,200万円）と不一致。正しくは「913.06億円（2025年5月期・連結）」。加えて日本交通ホールディングス傘下であれば§3-3により子会社単体（非公表）が必要で、○の根拠にならない。法人番号6011501021981と同名別法人3011501015887の照合も未了。架電前に確定が必要。",https://www.nihon-kotsu.co.jp/about/;https://www.nihon-kotsu.co.jp/about/profile/;https://catr.jp/companies/5b165/72889
3502,001Nn000013Sdnr,5012702013389,株式会社イングリウッド,○,○ 妥当：イングリウッドはメディカルコート等を子会社化したグループ親会社であり、§3-3で連結値の採用は適合。2025年8月期（第21期）連結売上高325億円で300億超。自社サイトのCOMPANYページと電子公告ページの存在は確認したが、WebFetch遮断のため本文数値の直接再取得は不可（325億は複数の外部記事で一致。うち日本ネット経済新聞は取材時点で「見通し」表記）。300億との差が25億と薄いため次期（2026年8月期）公表時に再確認推奨。H列のURLは正しくは https://inglewood.co.jp/company （.html不要）。,https://inglewood.co.jp/company; https://inglewood.co.jp/ir/publicnotice; https://www.fastgrow.jp/articles/inglewood-deepresearch
3519,001Nn000013Se1V,8030001070643,株式会社デルパラ,○,△ 要再確認：900億円は自社サイトの「グループ売上高（グループ合計31店舗・従業員542名）」で決算期の記載がなく、連結財務諸表に基づく連結値か単純合算か不明（§3-8の鮮度も検証不能）。株式会社デルパラ自体は資本金800万円・従業員67名の「グループ企業経営事業」会社で単体売上高は非公表、決算公告も貸借対照表のみ。親会社としてグループ連結300億超と決算期が確認できれば○、できなければ外す。,https://derupara.jp/about-the-group/;https://catr.jp/companies/87252/16180
3835,001Nn000013SfcK,2080001009122,株式会社豊群インターナショナル,○,○ 妥当：台湾・豊群水産股份有限公司100%子会社だが、自社HP会社概要で当社単体の2025年12月期売上高320億円を確認（資本金1億円・従業員19名の冷凍鰹鮪トレーディング）。§3-3の子会社単体300億以上を満たし、親会社のグループ値ではない。300億のボーダー近傍のため次期更新時に再確認を推奨。,https://www.fcnintl.jp/
4177,001Nn000013SgDY,7230001010051,株式会社ＣＫサンエツ,○,"○ 妥当：東証上場（5757）のグループ親会社。2026年3月期決算短信（2026年5月13日開示）の連結売上高149,438百万円＝1,494.38億円で、G列1,494億円と一致（桁検算済み）。§3-3の親会社連結300億超でOK。出典が自社採用ページだが§5-3の9に該当し、決算短信でも裏取り済み。",https://www.nikkei.com/nkd/disclosure/tdnr/20260513529872/;https://www.cksanetu.co.jp/recruit/
4186,001Nn000013SgEC,9140001043348,ハリマ化成グループ株式会社,○,"○ 妥当：東証上場（4410）のグループ親会社。2026年3月期第1四半期の連結売上高257億1,600万円（前年同期比8.0%増）と通期1,037億円は整合し、桁の誤りなし。§3-3の親会社連結300億超でOK。同名紛れやすいハリマ共和物産（7444）とは別法人で取り違えなし。",https://www.harima.co.jp/company/outline.html;https://www.harima.co.jp/ir/library/report2.html;https://www.harima.co.jp/ir/
4228,001Nn000013SgNl,9010001238935,リケンＮＰＲ株式会社,○,"○ 妥当：東証上場（6209）のグループ親会社で、子会社への連結値当てはめではない。連結売上高は2026年3月期通期予想1,580億円・中間期801億円と1,600億円規模で推移しており、G列1,631億円は桁も水準も整合。§3-3の親会社連結300億超でOK。ただしG列「2025年度」は決算期が曖昧なため「2026年3月期」等に明記推奨。",https://www.npr-riken.co.jp/about/;https://www.npr-riken.co.jp/ir/highlight/
4245,001Nn000013SgRe,7270001000973,株式会社鳥取ワールドカップ,○,"× 要修正：534億円は自社サイトが「グループ合計」と明記する合算値で、株式会社鳥取ワールドカップ単体の年商ではない（§6-4・行38ヤマウチと同型）。同社は資本金4,800万円・従業員69名・8店舗のパチンコホール運営会社で、グループには株式会社ワールドカップ等が併存し持株会社である確証もない。「2025年実績」で決算期も不明（§3-8検証不能）。正しくはG列「確認不可」、H列「△ 確認不可」。架電不可。",https://w-cup-group.com/outline.html
