行,取引先ID,法人番号,取引先名,I列_検証結果,J列_ソース
2,001Nn00000eVELJ,1050001001165,常洋水産株式会社,○ 妥当（1次の△を覆す）：どちらの数値を採っても300億を大きく超え、架電可否の結論は動かない。追加でjoyosuisan.com「会社概要」「ごあいさつ」を3クエリ再検索したが、いずれも1次と同じ「2025年3月期 売上高388.39億円／経常利益6.08億円／従業員 男220名・女136名（2025年3月31日現在）」を返した。従業員数の基準日が2025年3月31日で固定されている＝検索インデックスが1期前のスナップショットであることを示しており、G列の398.64億円（2026年3月期）と矛盾しない（388.39億→398.64億で前期比+2.6%）。加えてRULES §6-1は当該ページの表記が「398. 64億円」と小数点が分断されている実例として記録し、§8は常洋水産398.64億をローカルスクレイパーとエージェントの独立2手法で一致確認済みと記録している。法人格は株式会社、独立系（親会社）、出典は自社HP会社概要＝承認ソース①、鮮度も§3-8を満たす。1次の「要再確認」のままでは架電できたはずの企業を落とす側の実害（RULES §1）が出るため○に倒す。残る論点はG列の期表記のみで、判定・金額規模には影響しない。,https://www.joyosuisan.com/%E4%BC%9A%E7%A4%BE%E6%A6%82%E8%A6%81; https://www.joyosuisan.com/%E3%81%94%E3%81%82%E3%81%84%E3%81%95%E3%81%A4
3,001Nn00000eVELT,9300001008400,伊藤ハム米久フーズ株式会社,"○ 妥当：伊藤ハム米久HDの子会社だが単体で1,200億円級＝300億超のため子会社ルール（§3-3）を満たす。法人格は株式会社、出典はグループ公式サイト（承認ソース）。なお同ドメイン内の採用ページ（会社／伊藤ハム米久フーズ）では「売上高1,219億円」表記、外部集計では2025年3月期1,231.76億円とされており、G列の1,228億円とは期ずれによる差異の可能性がある。300億基準に対して桁が大きく離れているため判定への影響はなし。",https://www.itoham-yonekyu-holdings.com/foods/; https://www.itoham-yonekyu-holdings.com/Portals/0/saiyo/group/foods/
4,001Nn00000eVELU,2010401046060,フォンテラジャパン株式会社,"△ 要再確認：金額自体は整合。第45期（2025年7月期）売上高約859.7億円は独立の検索結果でも一致し、§6-6で警告されている流通値「800億2,500万円」（Yahoo!しごとカタログ／SalesNow／Baseconnect）に引きずられていない点は良い。問題は出典で、H列・J列のURLがcatr.jp（官報決算公告を収録した民間二次サイト）である。官報そのものは承認ソースだがcatr.jpは官報ではなく、RULES §7-1で先方の承認可否が未確定のまま。○＝架電OKの根拠がcatr.jp単独であるため、官報原本または自社公表資料への差し替え、もしくは濱本さんへのcatr.jp可否確認が必要。法人格は株式会社で問題なし、外資日本法人だが単体859.71億円で300億超。",https://catr.jp/companies/620b2/148115/settlements/cc9b1/435657; https://ryo-nakamura1.hatenablog.jp/entry/2026/01/30/170000_4
5,001Nn00000eVEba,6180001081173,ヤマザキマザックトレーディング株式会社,"○ 妥当：H列の記載内容を裏取りできた。catr.jpの同社ページに収録されているのは第56期（1,002.81億円）・第57期（1,316.48億円）・第58期（1,445.88億円）までで、それ以降の売上高開示は検索でも発見できず。H列の「2020年3月期時点では1,445.88億円（第58期）」は金額・期ともに整合し、§3-8（直近3期以内でなければ確認不可）に従ってG列「確認不可」・H列△とした処理はルール通り。当たったソースの列挙もある。なお参考値の出典がcatr.jpである点は§7-1の未確定事項だが、結論が除外側のため架電事故のリスクはない。",https://catr.jp/companies/6a0df/27605; https://catr.jp/settlements/d7da0/189352; https://www.mazak.com/jp-ja/about-us/company-outline/
6,001Nn00000eVM5f,7010001034873,カーギルジャパン合同会社,○ 妥当：社名どおり合同会社であり§3-6により法人格NG。売上高を調べる必要がなく、G列「対象外（合同会社）」・H列「× 法人格」の書式もルール§4通り。RULES §8の検出済み事例（6行目 カーギルジャパン合同会社）とも一致。,
7,001Nn00000eVM5o,2010401082262,東和産業株式会社,○ 妥当：法人番号2010401082262はgBizINFO上「東和産業株式会社（東京都港区新橋3-20-1）」で、towa-js.co.jp（UNO／DUO／ZoRoN／アサヒを運営するアミューズメント企業、1974年設立、代表 岸野誠）と一致。§6-2の同名法人取り違えはなし（冷凍空調の東和産業株式会社・家庭日用品のTOWA東和産業とは別法人）。売上高は「2025年4月期982億円／2024年4月期923億円」がマイナビ転職・doda・Baseconnect・NIKKEI COMPASS等の禁止ソースにのみ掲載され、自社HP企業情報には売上高記載なし。§6-6そのものの型であり、G列「確認不可」・H列△は正しい。軽微な点として、H列のURLは/business/company-information/だが検索でヒットする企業情報ページは/business/company.htmlであり、リンク切れの可能性があるため差し替えが望ましい。,https://info.gbiz.go.jp/hojin/ichiran?hojinBango=2010401082262; http://www.towa-js.co.jp/business/company.html
8,001Nn00000eVM5z,1180001093025,加藤化学株式会社,"○ 妥当：自社HPの企業情報ページおよび採用サイト「ABOUT（数字で見る加藤化学）」を検索で当たったが、いずれにも売上高の記載を確認できなかった。RULES §6-6が「加藤化学 → 確認不可が正解」と名指しで記載している事例そのもので、流通している『2024年3月期 761億8,200万円』（就活会議・Baseconnect・doda等）を採用していない点も正しい。G列「確認不可」・H列△＋当たったソースの列挙という書式も§4に適合。",https://www.katokagaku.co.jp/corporate/company.html; https://www.katokagaku.co.jp/saiyo/about/
9,001Nn00000eVM6E,6180001036004,ゴムノイナキ株式会社,"○ 妥当：自社HP会社概要（inaki.co.jp/company/profile.html）で「売上高428億円（2026年4月期／海外子会社を除く＝単体）」を確認でき、G列の428.20億円（42,820百万円）と桁・単位ともに一致。決算期4月30日という記載も整合。法人格は株式会社、承認ソース①（自社公式サイト会社概要）で300億超が裏取りできており○判定は正しい。",https://inaki.co.jp/company/profile.html
10,001Nn00000eVM6U,2180001094419,豊田スチールセンター株式会社,"○ 妥当：第66期（決算末日2026年3月31日）売上高189億6,500万円を独立に確認でき、G列の189.65億円と完全一致。前期第65期は200.36億円で推移も整合。法人番号2180001094419はgBizINFO上「豊通メタルソリューションズ株式会社」となっており、H列の商号変更の注記も正しい。豊田通商の子会社で単体300億未満＝§3-3により一律NG、G列の【300億未満】プレフィックスも§4通り付与されている。旧基準686.64億円の併記も§6-3の要求どおり。",https://info.gbiz.go.jp/hojin/ichiran?hojinBango=2180001094419; https://catr.jp/companies/f5f17/26831; https://prtimes.jp/finance/2180001094419/settlement
11,001Nn00000eVM6a,6010701007411,株式会社ＪＡＬＵＸ,○ 妥当：親子関係の記載は正しく、JALUXはSJフューチャーHD48.14%／双日22.22%／日本航空21.56%／日本空港ビルデング8.08%の出資構成で日本航空の連結子会社。子会社だが単体426.92億円で300億超のため§3-3を満たし、出典もjalux.com（自社サイトの決算公告PDF）＝承認ソース。§6-4の確定値（単体426.92億円／連結892.26億円）とも一致。ただし軽微な整合性の問題として、H列は単体を第65期（2026年3月期）としながら参考の連結値を2025年3月期と記載しており期がずれている。また検索上はjalux.comの決算公告ページで確認できる最新が第64期と表示され、引用PDF（jalux_closing_2606.pdf）の存在をWebSearchでは確認できなかった。金額・判定への影響はないが期の表記は整理が望ましい。,https://www.jalux.com/profile/fin_announcements.html; https://www.jalux.com/profile/information.html
12,001Nn00000eVM6f,4100001025387,綿半ソリューションズ株式会社,"○ 妥当：出典が綿半HDの有価証券報告書「関係会社の状況」＝承認ソース②で、子会社単体値を親の連結値と取り違えていない（§6-4クリア）。綿半HDの2026年3月期連結売上高が1,354.51億円であること、および綿半ソリューションズが「売上高（内部売上高を除く）の連結売上高に占める割合が10%超」の関係会社として有報に記載されていることを確認でき、単体376.34億円という規模感と矛盾しない。単体300億超のため子会社ルールも満たす。なお有報PDF本文はWebSearchの全文検索対象外のため376.34億円という数値そのものの再読み取りはできていない（同社の官報決算公告は貸借対照表のみで売上高非掲載）。",https://catr.jp/settlements/60eef/208272; https://catr.jp/companies/65fc6/20903; https://finance.yahoo.co.jp/quote/3199.T/financials
13,001Nn00000eVM6p,4500001004796,ヤマキ株式会社,○ 妥当：自社HP「ヤマキの想いと会社概要」に「売上高 524億円（2025年度）」「社員数682名（2026年4月現在）」と明記されているのを確認でき、G列・H列の記載およびURLが完全に一致。法人格は株式会社、承認ソース①（自社公式サイト会社概要）、鮮度も直近期で§3-8を満たす。,https://www.yamaki.co.jp/corporate/greeting.html
14,001Nn00000eVU37,1240001030013,エフピコ商事株式会社,"○ 妥当：自社ドメイン内の採用ページ「数字で見るエフピコ商事」（承認ソース系統⑨）に「売上高 309億円（2025年3月期）」と記載されているのを確認でき、G列と一致。同ページの従業員数が「2026年1月時点189名」と最新のため、2025年3月期が現時点の最新公表値と判断でき§3-8も満たす。エフピコの子会社だが単体309億円で300億以上のため§3-3をクリアしており、親の連結値2,221億円を流用していない点も正しい。ただし基準300億に対し9億円しか余裕がないため、次期公表値が出たら再チェック推奨。",https://www.fp-trading.jp/recruit/number/; https://www.fp-trading.jp/company/outline/
15,001Nn00000eVVX8,8140001059873,大和工業株式会社,"○ 妥当：2026年3月期決算短信（2026年4月30日開示）の連結売上高1,603億8,900万円＝160,389百万円＝1,603.89億円を独立に確認でき、G列・H列の金額、決算期、連結の別、開示日すべて一致。桁の検算も一致（160,389百万円÷100＝1,603.89億円）。上場親会社のため連結値の採用は§3-3に適合。H列のxj-storage URLの文書番号140120260428513638も、検索でヒットした開示PDF（20260428513638.pdf）と同一文書。",https://finance-frontend-pc-dist.west.edge.storage-yahoo.jp/disclosure/20260430/20260428513638.pdf; https://www.yamatokogyo.co.jp/ir/library/summary.php; https://www.nikkei.com/article/DGXZQOUF305O80Q5A430C2000000/
16,001Nn00000eVVXG,3470001000263,アオイ電子株式会社,"○ 妥当：2026年3月期決算短信（2026年5月8日）の連結売上高38,323百万円＝383.23億円を確認でき、G列・H列の金額・決算期・連結の別・開示日、さらにH列のURLまで検索結果と完全一致。桁の検算も一致（38,323百万円÷100＝383.23億円）。内訳（集積回路33,874百万円＋機能部品4,445百万円＝38,319百万円、ほぼ一致）とも整合。上場企業・株式会社・承認ソース②（決算短信）で問題なし。",https://www.aoi-electronics.co.jp/wp-content/uploads/2026/05/20260508-1.pdf; https://www.aoi-electronics.co.jp/ir_category/library/summary/
17,001Nn00000eVVXR,3140001012993,株式会社合食,○ 妥当。みなと新聞(みなと山口合同新聞社=新聞社ソース、§3-4④)で「2026年3月期・単体・売上高360億9200万円(前期比6.7%減)」を確認、G列360.92億円と一致。決算期・単体の別も一致。株式会社・独立系親会社で単体300億超のため○で正しい。※H列記載の記事URL(163557)自体は検索結果に現れなかったが、同紙の合食決算記事連番(23年3月期134332/24年3月期144088/25年3月期153769)と内容が整合。,https://www.minato-yamaguchi.co.jp/minato/e-minato/articles/tag/s/合食; https://www.minato-yamaguchi.co.jp/minato/e-minato/articles/153769
18,001Nn00000eVVXT,4120901008588,株式会社モリタ,"○ 妥当。自社HP会社概要(承認ソース①)に「売上高 1,081億8,366万円(2026年3月末現在)」の記載を確認、G列1,081.84億円と一致(1,081億8,366万円→1,081.84億円、検算OK)。§6-2の同名企業リスクはgBizINFOで法人番号4120901008588＝大阪府吹田市垂水町3-33-18・歯科医療機器卸・従業員1,011名と照合でき、消防車のモリタ(モリタHD系)ではないことを確認。",https://japan.morita.com/company/profile/index.html; https://info.gbiz.go.jp/hojin/ichiran?hojinBango=4120901008588
19,001Nn00000eVVXV,5010001008788,株式会社丸山製作所,"○ 妥当。自社IR決算短信(2025年11月14日開示)で2025年9月期・連結売上高41,266百万円を確認。41,266百万円=412.66億円で桁の検算OK、G列と一致。上場親会社のため連結値採用も§3-3に適合。H列のPDF URLも検索結果と完全一致。",https://www.maruyama.co.jp/assets/pdf/library/brief/20251114.pdf; https://www.maruyama.co.jp/ir/library/brief/
20,001Nn00000eVVXY,5080401003894,日星電気株式会社,○ 妥当(注記あり)。出典の自社採用ページ「データで見る日星電気」(自社ドメイン内、§5-3⑨の承認ソース)は実在を確認。売上高は独立検索で「460億円(2025年11月)」「440億円(2024年11月)」と同社ページ由来の値が返り、G列約460億円と整合。非上場・独立系(住友電工等の子会社である事実は確認できず)のため§3-3では親会社扱いとなり単体でもグループでも300億超で○。※ただし同社は11月期決算とみられ、G列「2025年度」は「2025年11月期」と明記した方が正確。,https://www.nissei-el.co.jp/recruit/data/; https://www.nissei-el.co.jp/company/outline/
21,001Nn00000eVVXZ,6010401016712,アボットジャパン合同会社,○ 妥当。社名のとおり合同会社であり§3-6により法人格NG。G列「対象外（合同会社）」・H列「× 法人格。直アポ大は株式会社のみ。合同会社のため対象外」はいずれも§4の記入例どおりで、売上高を調べる必要もない(§3-1①)。RULES§8の既検出例(21行目 アボットジャパン合同会社)とも一致。,
22,001Nn00000eVVXc,7290001012769,株式会社翔薬,"△ 要再確認：出典がcatr.jp（官報決算公告を収録した民間の二次サイト）で、RULES§7-1のとおり先方が承認ソースとして認めるか未確定。認められない場合は△に倒す必要があるため、現状のH列「○」は確定できない。金額自体は独立検索でも2026年3月期・売上高1,970億6,800万円(前年比6.56%増)と一致し、スズケン完全子会社だが単体で300億超という子会社判定(§3-3)は正しい。自社HP会社概要・スズケンIRでの売上高記載は今回も確認できず、承認ソースは官報決算公告の原本のみ。",https://catr.jp/companies/546e2/14488; https://www.shoyaku.com/company/companyinfo/index.html
23,001Nn00000eVVXe,1010001034994,日本パーカライジング株式会社,"○ 妥当。2026年3月期第3四半期(累計)連結売上高1,010億16百万円(前年同期比4.7%増)を自社IR開示で確認でき、通期138,155百万円=1,381.55億円と整合(桁の検算OK)。上場親会社のため連結値採用は§3-3に適合し、単体45,776百万円=457.76億円でも300億超。※通期確報の数値そのものはWebSearchのsnippetでは再現できず、四半期開示との整合による確認。",https://www.parker.co.jp/ja/ir/room/accounting.html; https://www.parker.co.jp/ja/_pdf/topics/03acda2947b22aeaa58a6c2fbe453848c01fc90a.pdf
24,001Nn00000eVVXf,7500001014710,ユニ・チャームプロダクツ株式会社,"○ 妥当。出典の自社HP決算公告ページ(unicharmproducts.co.jp/kessan/、承認ソース①/§5-3⑤)の実在を確認。256,886,573千円=2,568億8,657万円→2,568.87億円で桁の検算OK。ユニ・チャーム100%子会社だが単体で300億を大きく超えるため§3-3の子会社基準を満たし判定○は正しい。RULES§5-3の既検証実績(ユニ・チャームプロダクツ2,568.87億円)とも一致。※PDF本文の数値はsnippetでは再現できず。",https://www.unicharmproducts.co.jp/kessan/
25,001Nn00000eVVXi,5190001014736,株式会社グリーンズ,"○ 妥当。2026年6月期決算短信(2026年8月13日適時開示)で連結売上高53,998百万円(前期比8.8%増)を確認、53,998百万円=539.98億円で桁の検算OK、決算期・連結の別ともG列と一致。上場親会社のため連結値採用も§3-3に適合。",https://www.nikkei.com/nkd/disclosure/tdnr/20260811517439/; https://finance.yahoo.co.jp/quote/6547.T/financials
26,001Nn00000eVVXj,6010701026130,東罐興業株式会社,○ 妥当。自社HP会社概要ページ(承認ソース①)の実在を確認。金額はRULES§8で独立2手法により670億で一致確認済みの行であり、加えて決算公告ベースの第114期売上高約644.8億円という前期水準とも整合する(670億は+約4%)。東洋製罐グループHDの子会社だが単体670億円で300億超のため§3-3の子会社基準を満たし判定○は正しい。※会社概要ページ本文の数値はsnippetでは再現できず。,https://www.tokan.co.jp/company/outline/; https://www.tokan.co.jp/company/
27,001Nn00000eVVXk,3120101026862,株式会社近商ストア,○ 妥当。出典の自社HP会社概要・沿革ページ(承認ソース①)の実在を確認し、独立検索でも「近商ストアの売上高は2025年3月実績で581億円」と返りG列(2024年度＝2025年3月期・581億円)と一致。近鉄リテールHDの子会社だが単体581億円で300億超のため§3-3の子会社基準を満たす。決算期も直近3期以内で§3-8に適合。※会社概要ページ本文の数値はsnippetでは再現できず。,https://www.kinshostore.co.jp/company/overview/; https://www.kintetsu-g-hd.co.jp/group-info/distribution.html
28,001Nn00000eVVXr,1010001092605,ヤマト運輸株式会社,"○ 妥当。1,677,534百万円=1兆6,775億3,400万円→16,775.34億円で桁の検算OK。出典の自社HP電子公告(決算公告)は同ディレクトリの第20期公告(kessan_koukoku_202403.pdf)の実在が確認でき、H列URL(kessan_koukoku_202603.pdf=第22期・2026年3月期)は命名規則と期ずれが整合。ヤマトHDの子会社だが単体で300億を大幅超のため§3-3を満たし、運送業のため営業収益を採用した旨もH列に明記済み(§3-7に適合)。",https://www.kuronekoyamato.co.jp/ytc/corp/corporate/pdf/kessan_koukoku_202403.pdf; https://www.yamato-hd.co.jp/investors/financials/result.html
29,001Nn00000eVVaw,1010401021766,株式会社ニッショク,保留 検証不可：G列505.52億円(2025年3月期)を承認ソースで確認できず。当たった経路=①自社HP企業情報 http://www.nisshoku.com/about/ (ページ実在・東京都港区浜松町・1976年創業・病院/介護/学校向け食材供給までは確認できたが売上高の記載を確認できず) ②gBizINFO(法人番号1010401021766で法人の存在と社名は照合できたが財務情報なし) ③官報決算公告・EDINET・新聞記事(該当なし) ④一般検索では「500億円を超える売上」の記述がIndeed等の求人媒体=禁止ソース(§3-4/§6-6)にしか見当たらず。加えて同社は富士産業(株)の食材仕入れ部門として創業した経緯があり、富士産業グループの子会社であれば§3-3の子会社判定(単体300億以上のみ可)と単体/連結の別の明示が必要。親子関係の裏取りも併せて再確認されたい。,http://www.nisshoku.com/about/; https://info.gbiz.go.jp/hojin/ichiran?hojinBango=1010401021766
30,001Nn00000eVVcg,8010401054826,日本甜菜製糖株式会社,"○ 妥当。2026年3月期・連結売上高686.96億円(前期比6.0%増)を確認、68,696百万円=686.96億円で桁の検算OK、決算期・連結の別ともG列と一致。上場親会社のため連結値採用も§3-3に適合。H列のPDFも自社IRドメイン(nitten.co.jp)配下で承認ソース。",https://www.nitten.co.jp/ir/library/financial/; https://www.nitten.co.jp/dcms_media/other/2026-2Q_Supplementary_explanation.pdf
31,001Nn00000eVVci,2290001041302,株式会社リョーユーパン,"○ 妥当。出典の自社HP会社案内ページ(承認ソース①)の実在を確認し、独立検索でも「連結年商474億円、単体412億円(2026年3月期)、グループ従業員1,198名、本社=福岡県大野城市」と返りG列474億円(2026年3月期・グループ連結)と一致。同社はリョーユーパングループの親会社のため連結値採用は§3-3に適合し、仮に単体412億円で判定しても300億超のため結論は変わらない。",https://www.ryoyupan.co.jp/about/; https://www.ryoyupan.co.jp/about/group/
32,001Nn00000eVVjy,4010001102162,株式会社デジタルホールディングス,○ 妥当。H列記載の決算短信URL（2025年12月期・2026年2月9日開示）が自社IRサイト上に実在することを検索で確認。博報堂DYHDのTOBによる2026年3月19日上場廃止も同短信の記載どおり。131.02億円はRULES.md §6-3の記載値と一致し、旧基準616.46億円の併記も§6-3の要求を満たす。×（300億未満）判定は正しい。,https://www.digital-holdings.co.jp/files/topics/5586.pdf; https://www.digital-holdings.co.jp/ir/latest_documents/
33,001Nn00000eVVlk,2010401092245,日本マイクロソフト株式会社,"○ 妥当（ただし2点注記）。H列記載の日経クロステック記事URLは実在し、内容も「官報決算公告（2023年11月13日）に基づき2023年6月期＝2022年7月〜2023年6月の売上高は前年比15.4%増の1兆223億円」でG列と一致。桁も1兆223億円＝10,223億円で誤読なし。注記(1)決算期が2023年6月期＝3期前で§3-8「直近3期以内」の下限。同誌には2024年売上高ランキング記事があり、より新しい期の数値が存在する可能性が高いので更新推奨。注記(2)日経クロステックは日経BP（出版社）であり§3-4の「新聞社」に該当するかはグレー（禁止ソースではない）。金額規模（1兆円）から300億基準の充足自体に疑義はなく○判定は妥当。",https://xtech.nikkei.com/atcl/nxt/column/18/00848/00119/; https://xtech.nikkei.com/atcl/nxt/column/18/00848/00153/
34,001Nn00000eVVly,4012401007544,キユーピータマゴ株式会社,"○ 妥当（URLパスのみ要確認）。キユーピー第113期有価証券報告書は「事業年度 自2024年12月1日（第113期）」＝2025年11月期・2026年2月24日提出でG列の決算期と一致。同有報の「関係会社の状況」にキユーピータマゴ㈱が連結売上高比10%超の関係会社として記載されていることも確認。単体1,287.50億円は子会社単体値の採用で§3-3準拠、300億以上で○判定は正しい。ただし検索でヒットした実URLは https://www.kewpie.com/ir/pdf/ir_download/ir_20260224_113_yuho.pdf でH列記載の /ir/pdf/annual_report/2026/ 配下とパスが異なる。128,750百万円という数値自体は承認ソース上で直接再確認できなかった（禁止ソース側に128,700〜128,750の記載が流通）。",https://www.kewpie.com/ir/pdf/ir_download/ir_20260224_113_yuho.pdf; https://www.kewpie.com/ir/library/report/
35,001Nn00000eVVlz,2180001104978,ポッカサッポロフード＆ビバレッジ株式会社,"○ 妥当（数値は間接確認）。サッポロHDの有報「関係会社の状況」にポッカサッポロF&Bが連結売上高比10%超の連結子会社として主要な損益情報付きで記載されることを sapporoholdings.jp 上で確認。第102期＝2025年12月期も、同社第90期＝2013年12月期の有報から逆算して整合。ただし58,516百万円という数値そのものは承認ソース上で直接再確認できず、一致する記載はYahoo!しごとカタログ等の禁止ソースのみだった（§6-6注意）。2025年12月期第3四半期短信の食品飲料セグメント外部売上収益861.90億円（9か月）と規模感は整合し、単体が300億を下回る可能性は実質なく、子会社単体値の採用・○判定は妥当。",https://www.sapporoholdings.jp/ir/library/securities_report/; https://www.sapporoholdings.jp/ir/library/brief/items/2025__09_tanshin.pdf
36,001Nn00000eVVm1,5010901028646,株式会社成城石井,"○ 妥当。ローソン第49期有価証券報告書（事業年度 自2023年3月1日 至2024年2月29日）の該当URLが実在し、成城石井の営業収益112,544百万円＝1,125.44億円・営業利益12,247百万円、連結営業収益の10%超の連結子会社との記載を確認。子会社単体値の採用で§3-3準拠、300億以上で○判定は正しい。鮮度は2024年2月期＝§3-8の直近3期の下限だが、ローソンの非上場化により以後の有報が存在しないためH列の注記どおりやむを得ない。",https://www.lawson.co.jp/company/ir/library/pdf/yuuka/yuuka_49.pdf; https://www.nikkei.com/nkd/disclosure/ednr/20240522S100TH3U/
37,001Nn00000eVVm3,4010001074187,株式会社ＢｕｙＳｅｌｌ　Ｔｅｃｈｎｏｌｏｇｉｅｓ,"○ 妥当。2025年12月期決算短信（2026年2月13日開示・日本基準・連結）で連結売上高100,614百万円＝1,006.14億円（前期比67.8%増）、営業利益9,044百万円を確認。桁・決算期・連結の別いずれもG列と一致。親会社（上場・連結）値の採用で§3-3準拠、○判定は正しい。",https://finance-frontend-pc-dist.west.edge.storage-yahoo.jp/disclosure/20260213/20260213560878.pdf; https://buysell-technologies.com/ir/settlement/
38,001Nn00000eVVm4,3470001004116,株式会社ヤマウチ,"△ 要再確認：子会社にグループ値を適用しており§3-3/§6-4違反の疑い。親会社オカモトグループの公式サイトに「オカモトホールディングスの100％子会社である株式会社ヤマウチ」と明記されており、ヤマウチは持株会社オカモトHD（グループ31社・2026年3月期合計売上高2,051億円）の完全子会社。2011年に株式会社オカモトのM&Aで完全子会社化された旨も同グループ紹介ページで確認。よってH列の「ヤマウチグループの親会社」という説明は不完全で、直アポ大の判定上は「子会社」に該当し、単体300億以上でなければNG。一方G列の531億円（2026年3月期）は自社サイト上も「ヤマウチグループ」の売上高であり単体値ではない（同社グループ紹介ページは2024年8月時点でグループ430店舗・売上420億円超と記載）。株式会社ヤマウチ単体の売上高は承認ソースで確認できなかったため、現状のままでは○ではなく△確認不可（直アポ大に載せない）に倒すべき。単体値がオカモトHDの開示等で取得できれば覆る余地あり。",https://www.okamoto-group.co.jp/jp/company/group/about/; https://www.okamoto-group.co.jp/jp/news/shopinfo/2023/detail/post_66.html; https://y-grp.com/company/profile/; https://y-grp.com/company/group/
39,001Nn00000eVVmA,2190001015290,株式会社扇港電機,"○ 妥当。自社サイト（扇港グループ）で2025年度実績の売上高1,229億円が(株)扇港電機＋(株)ネスコの2社連結値であること、従業員1,005名（2026年4月21日現在）、拠点72、電材卸で全国3位という記載を確認。扇港電機の本社は三重県四日市市北浜町8番16号（法人番号2190001015290の三重県所在と整合）、ネスコは静岡市葵区神明町78番で2002年2月設立の傘下会社であり、扇港電機が親会社という理解も裏取りできた。親会社のグループ連結300億超で§3-3の「ホールディングスはグループ連結300億円超で可」に該当、○判定は正しい。",https://www.senko-grp.co.jp/business.html; https://www.senko-grp.co.jp/info.html; https://www.senko-grp.co.jp/nesco.html
40,001Nn00000eVVmB,8010001008810,株式会社リョーサン,"○ 妥当（単体値は間接確認）。リョーサン菱洋HDの2026年3月期決算短信（2026年5月14日開示）で連結売上高3,599億48百万円を確認でき、リョーサン単体1,450.39億円はその約40%で整合。2026年4月1日にリョーサンが菱洋エレクトロを統合し「リョーサン菱洋株式会社」となった旨も自社サイトで確認でき、H列の注記どおり（法人番号は不変）。子会社に対し連結ではなく単体値を採用しており§3-3/§6-4準拠、300億以上で○判定は正しい。ただし145,039百万円という単体数値自体はEDINET有報PDFを直接参照できずWebSearchでは再確認できなかった。",https://finance-frontend-pc-dist.west.edge.storage-yahoo.jp/disclosure/20260514/20260501516302.pdf; https://www.nikkei.com/nkd/disclosure/tdnr/20260501516302/; https://www.ryosan.co.jp/ir/finance/
41,001Nn00000eVVmC,9120001044397,杉本商事株式会社,"○ 妥当。2026年3月期決算短信〔日本基準〕（連結）で売上高486億1,100万円＝48,611百万円（前期比1.7%減）、営業利益20億4,700万円、経常利益25億5,000万円を確認。G列の金額・決算期・連結の別すべて一致。中間期（2025年10月29日開示）の売上高227億74百万円とも通期水準として整合。上場親会社の連結値採用で§3-3準拠、○判定は正しい。",https://www.sugi-net.co.jp/for_investors/financial_indicator.html; https://www.sugi-net.co.jp/corp/wp-content/uploads/2026/04/2026%E5%B9%B43%E6%9C%88%E6%9C%9F%E6%B1%BA%E7%AE%97%E8%AA%AC%E6%98%8E%E8%B3%87%E6%96%99.pdf
42,001Nn00000eVVmK,8060001019712,株式会社キリウ,○ 妥当（△判定が正しい）。住友商事の公式サイトでキリウが2004年7月に住友商事グループ入りし100%子会社であること、2017年2月27日の株式交換（住友商事99.76%＋住商アビーム0.24%）で完全子会社化されたことを確認。したがってキリウは子会社であり§3-3により連結834億円は使えず、単体300億以上の裏取りが必須。単体売上高は自社HPでも非公表で、住友商事連結売上高に対する比率が小さく有報の関係会社の状況にも単体損益は載らないため、承認ソースからは取得不能。G列「確認不可」・H列△（当たったソースの列挙あり）は§3-5/§4の要件を満たしており、リストから外すのが正しい結論。,https://www.sumitomocorp.com/ja/jp/business/case/group/kiriu; https://www.sumitomocorp.com/-/media/Files/hq/news/release/2017/20170227_3/29793_ext_31_0.pdf; https://www.kiriu.co.jp/company/profile/
43,001Nn00000eVVmL,2330001009393,合志技研工業株式会社,"○ 妥当（×判定が正しい）。自社HP会社情報で株主構成が本田技研工業95.00%／三恵技研工業5.00%と明記されており、H列の「本田技研工業95%出資の子会社」は裏取りできた。同ページに決算公告PDFが期別に掲載されていることも確認（第53期＝令和8年3月期＝2026年3月期でG列の決算期と整合）。検算：16,468,582千円＝164.68582億円→164.69億円で一致、連結72,341,707千円＝723.42億円も一致。熊本日日新聞の2023年3月期記事の連結721億6,800万円とも規模が整合。子会社かつ単体164.69億円＜300億のため一律NGで×判定は正しく、G列の【300億未満】表記も仕様どおり。",https://www.goshigiken.com/about/; https://kumanichi.com/articles/1470967; https://kumanichi.com/articles/1082700
44,001Nn00000eVVmP,6040001027017,東洋合成工業株式会社,"○ 妥当。H列記載URLがそのまま「2026年3月期 決算短信〔日本基準〕(非連結) 2026年5月8日 東洋合成工業株式会社 コード番号4970」として実在することを確認。売上高は過去最高の419.5億円（前期比+9%）で、41,956百万円＝419.56億円とG列が一致。非連結（単体のみ）の上場会社で単体300億以上、○判定は正しい。",https://www.toyogosei.co.jp/news/20260508_FY2025financial_results.pdf; https://www.toyogosei.co.jp/ir/library/ca.html
45,001Nn00000eVVmU,8010401024011,株式会社博報堂,"○ 妥当（単体値は間接確認）。博報堂DYHDの2026年3月期決算（2026年5月12日開示）で連結収益8,610億3百万円・営業利益446億75百万円を確認でき、博報堂単体の収益376,728百万円＝3,767.28億円は連結の約44%で最大の事業会社として整合。子会社に対し連結ではなく単体値を採用しており§3-3/§6-4準拠、収益認識基準による「収益」表記の注記も§3-7準拠。300億以上で○判定は正しい。ただし376,728百万円という単体数値自体はEDINET有報PDFを直接参照できずWebSearchでは再確認できなかった。",https://www.nikkei.com/nkd/disclosure/tdnr/20260511523182/; https://www.nikkei.com/nkd/company/ednr/?scode=2433
46,001Nn00000eVVmX,6120001045084,ダイダン株式会社,"○ 妥当。H列記載URLがそのまま「2026年3月期 決算短信〔日本基準〕（連結）2026年5月13日 ダイダン株式会社 コード番号1980」として実在し、完成工事高（売上高）256,228百万円＝2,562.28億円、営業利益34,479百万円、経常利益35,770百万円を確認。G列の金額・決算期・連結の別すべて一致。上場親会社の連結値採用で§3-3準拠、○判定は正しい。",https://www.daidan.co.jp/wp/wp-content/uploads/2026/05/a687a801b4ae9de13699fe6845246e3c.pdf; https://www.daidan.co.jp/ir/library/financial-statements/
47,001Nn00000eVVmY,5011501002891,日本リーテック株式会社,○ 妥当 自社HP会社概要に「年商657億円〔連結：740億円〕（2026年3月期）」の記載を確認。東証プライム上場の親会社であり連結740億円の採用は§3-3に適合。単体657億円でも300億超で結論は変わらない。株式会社・承認ソース（自社HP）ともルール通りで判定○も正しい。,https://www.j-rietec.co.jp/company/outline/;https://www.j-rietec.co.jp/ir/results/
48,001Nn00000eVVma,5020001018027,千代田エクスワンエンジニアリング株式会社,"○ 妥当 2026年3月期の単体売上高937億4,724万9千円（前期比+52.43%、前期615億円）を官報決算公告ベースの記録で確認でき、G列937.47億円と一致。H列が引く千代田化工建設 第98期有報も事業年度2025/4/1〜2026/3/31・提出2026年6月18日・書類番号S100YEDHで実在を確認、決算期表記も正しい。千代田化工建設の子会社だが単体で300億超のため○判定は§3-3に適合。",https://catr.jp/companies/6c4ba/14411;https://www.nikkei.com/markets/ir/irftp/ednr/20260618/S100YEDH/20260618S100YEDH.pdf;https://cxo.chiyodacorp.com/company/about/
49,001Nn00000eVVmd,9010601041061,セイノースーパーエクスプレス株式会社,○ 妥当 自社HP会社案内・電子公告ページ・セイノーHD側IRを当たり直したが、承認ソースに単体売上高の記載を確認できず。ヒットするのはマイナビ（646億94百万円/2025年3月期）・Yahoo!しごとカタログ・Baseconnect・Wikipedia等の禁止ソースのみで、§3-5により確認不可＝載せないが正しい結論。H列の当たったソース列挙も具体的で監査可能。なお禁止ソース値は300億超のため、承認ソースが見つかれば○に転じ得る行として再調査候補。,https://www.seino.co.jp/ssx/company/about/;https://www.seino.co.jp/ssx/company/ir/;https://www.seino.co.jp/seino/media/pdf-lib/shd/ir-pdf/financialdata/202503yuho.pdf
50,001Nn00000eVVpM,6010601036386,アサヒグループホールディングス株式会社,"○ 妥当 2025年12月期の連結売上収益2兆8,946億円（前期比1.5%減）を自社ニュースルームおよびTDnet掲載の決算短信で確認。2,894,676百万円＝2兆8,946.76億円で桁も検算一致。IFRS「売上収益」である旨のH列注記も§3-7に適合し、判定○も正しい。",https://www.asahigroup-holdings.com/newsroom/detail/20260708-0101.html;https://www.release.tdnet.info/inbs/140120260707588934.pdf
51,001Nn00000eVVsK,3010401119377,株式会社クレストレード,"○ 妥当 親会社・株式会社西原商会の自社HPでグループ売上高1,390億円（2026年2月期）を確認でき、H列の記載と一致。ただしこれはグループ連結であり、クレストレードは子会社のため§3-3により使用不可。単体売上高は自社HP・gBizINFO・官報決算公告いずれにも記載を確認できず、△確認不可が正しい結論。",https://www.nishihara-shokai.co.jp/business/gaiyou/;https://www.crestrade.co.jp/;https://info.gbiz.go.jp/hojin/ichiran?hojinBango=3010401119377
52,001Nn00000eVVuD,6011101016060,ニュースキンジャパン株式会社,○ 妥当 H列が引くNu Skin Enterprises 2025年次報告書（SEC・ef20069502_ars.pdf）の実在を確認。全社売上15億ドル（前期比14%減）で、日本市場は前期約275億円→2025年12月期260億8千万円台（前期比約5.1%減）と複数報道が整合し、260.80億円は300億未満で×判定は妥当。ただしG列の「単体」は厳密には親会社の日本市場セグメント売上であり、ニュースキンジャパン株式会社単体の決算値ではない点は注記が望ましい（判定結果には影響なし）。,https://www.sec.gov/Archives/edgar/data/1021561/000114036126013156/ef20069502_ars.pdf;https://www.nuskin.com/content/corpcom/en_US/newsroom/press_releases1/2026/nu-skin-enterprises-reports-fourth-quarter-and-full-year-2025.html
53,001Nn00000eVVuv,3130001000082,アイフル株式会社,"△ 要再確認：金額自体は正しい（2026年3月期・連結営業収益214,693百万円＝2,146.93億円を確認）。問題は親子判定で、2026年3月30日にアイフルは上場廃止、2026年4月1日付で純粋持株会社ムニノバホールディングス株式会社の完全子会社となったことをJPX新規上場申請書類・日経記事で確認。現時点のアイフルは§3-3の「子会社」に該当し、子会社に連結値を用いるのは§6-4に抵触する。単体（個別）営業収益での裏取りが必要（決算短信の個別業績・有報の提出会社経営指標を承認ソースで確認できず）。アイフル単体も300億を大きく超える可能性が高いが未確認のため、単体値の確認後に○を確定させること。",https://www.jpx.co.jp/listing/stocks/new/t13vrt000000ogm0-att/04MuninovaHoldings-1s.pdf;https://www.nikkei.com/article/DGXZQOUB166D60W5A510C2000000/;https://www.aiful.co.jp/group/ir/finance/securities.html
54,001Nn00000eVVuz,3010801000723,アルプスアルパイン株式会社,"○ 妥当 2026年3月期連結売上高1兆194億5,900万円（前期比2.9%増、売上高1兆円超は初）を新聞社記事（決算期・売上高明記、§3-4の承認ソース4）で確認。1,019,459百万円＝1兆194.59億円で複合単位の検算も一致。親会社・株式会社・連結採用いずれもルール通りで判定○は正しい。",https://www.minyu-net.com/news/detail/2026050107392649212;https://www.alpsalpine.com/j/ir/library/security/
55,001Nn00000eVVv1,2010401054443,シンフォニアテクノロジー株式会社,"○ 妥当 2026年3月期決算短信（2026年5月14日）の連結売上高1,281億9,700万円（前期比7.6%増）を確認。128,197百万円＝1,281.97億円で桁も一致し、H列記載のPDF URLも検索結果のURLと完全一致。親会社・株式会社・連結採用ともルール通りで判定○は正しい。",https://www.sinfo-t.jp/application/files/3417/7873/4198/20260514.pdf
56,001Nn00000eVVv6,2010901010581,株式会社不二工機,"○ 妥当 2026年3月期・単体の売上高457億1,400万円（前期2025年3月期は447億2百万円）を確認でき、G列457.14億円と一致。H列が引く自社HP会社概要ページの実在も確認。東証プライム上場の親会社で連結はさらに大きく、単体でも300億超のため判定○は正しい。",https://www.fujikoki.co.jp/company/about/;https://www.fujikoki.co.jp/company/
57,001Nn00000eVVvC,4010801012908,ワタミ株式会社,"○ 妥当 2026年3月期連結売上高を確認（決算短信ベースでは932億6,800万円、前期比5.1%増）。H列が引く決算説明会資料の表記が「932.6億円」であり、G列の932.60億円はその丸め表記に由来する軽微な差（正確には932.68億円）。桁・決算期・連結の別・判定○はいずれも正しく、修正は必須ではないが932.68億円と書くのがより正確。",https://www.watami.co.jp/assets/pdf/ir/202603.pdf;https://www.ryutsuu.biz/accounts/s051380.html
58,001Nn00000eVVvG,1011701002852,株式会社江東微生物研究所,"○ 妥当 自社HP会社概要・gBizINFOを当たり直したが売上高の記載を確認できず、△確認不可は妥当。ヒットするのはマイナビ・キャリタス就活・Baseconnect等の禁止ソースのみ（そこでの記載は207億7,000万円/2025年6月期で、仮に正しくても300億未満）。従業員数はH列の1,080名に対し禁止ソース側は1,053名（2025年7月1日）と差異があるが判定には影響しない。",https://www.koutou-biken.co.jp/about/company-profile/;https://info.gbiz.go.jp/hojin/ichiran?hojinBango=1011701002852
59,001Nn00000eVVvR,3010001133877,ＥＮＥＯＳ　Ｘｐｌｏｒａ株式会社,"保留 検証不可：G列の361.02億円（36,102百万円・第36期）を承認ソースで確認できなかった。当たった経路は①自社HP電子公告ページ（会社法440条1項に基づき貸借対照表・損益計算書・個別注記表を掲載する旨は確認、ただし個別PDFの数値は検索で取得できず。同ディレクトリのnoex_34.pdfは実在を確認しURL命名規則自体は妥当）②自社HP「数字で見るENEOS Xplora」（掲載は連結売上高2,428億円/2024年度・2,049億円/2023年度で単体ではない。子会社のため§3-3上この連結値は使用不可）③自社HP会社概要・会社案内PDF④ENEOSホールディングスIR（事業報告・セグメント情報。子会社単体の内訳なし）⑤官報決算データベース。未承認ソースには単体約354億円との記載があり300億超の方向は整合するが、承認ソースでの裏取りができていないため○は確定できない。判定を確定するにはnoex_36.pdfの直接確認が必要。",https://www.eneos-xplora.com/public_notice.html;https://www.eneos-xplora.com/pdf/noex_34.pdf;https://www.eneos-xplora.com/aboutus/glance/;https://www.eneos-xplora.com/corporate/outline.html;https://catr.jp/companies/a2b87/55002
60,001Nn00000eVVvW,9010001087242,富士電機ＩＴソリューション株式会社,"○ 妥当 2026年3月期・単体の売上高1,340億6,100万円（前期比+56.6%、前期856億0,100万円/第21期）を官報決算公告の記録で確認でき、G列1,340.61億円と一致。856.01×1.566＝1,340.5で検算も整合し、桁誤り（134億円との取り違え）ではない。富士電機の子会社だが単体で300億超のため§3-3に適合し判定○は正しい。なお自社HP会社概要ページの実在は確認できたが、ページ上の数値そのものは検索では読み取れず、裏取りは官報決算公告記録と第三者記載の一致による。",https://www.fujielectric.co.jp/fsl/information/corporate_profile/index.html;https://catr.jp/companies/50b85/11896
61,001Nn00000eVVwZ,1370001021305,株式会社カツヨシ商事,○ 妥当 自社HP（メルヘングループ）会社情報を当たり直したが売上高の記載はなく、EDINET提出もなし。ヒットするのはBaseconnect・OpenWork・jobtalk等の禁止ソースと業界メディアのみで、いずれも決算期と売上高が明記された数値ではない。パチンコホール運営で決算公告も貸借対照表のみというH列の記載と整合し、△確認不可が正しい結論。,https://meruhengrp.jp/company/;https://www.meruhengrp.jp/
