行,取引先名,法人番号,採用値_億円,金額の出所,余裕率,G列,I列
3491,株式会社ムーンスター,7290001049191,302.0,G列,0.7,302億円（2025年6月期・単体）,○ 妥当（余裕僅少・要再確認推奨）：moonstar.co.jpをドメイン限定で照会し、自社企業情報ページに「売上高302億円（2025年6月期）・従業員728名（2025年6月期）」の記載を確認しG列と一致。株式会社ムーンスター（法人番号7290001049191）は非上場の親会社で単体判定、§3-3問題なし。ただし300億基準に対する余裕が約2億と本ブロックで最も薄い。2026年6月期の値は承
3458,株式会社シード,7010001003408,303.36,G列,1.1,303.36億円（2026年3月期・単体）,"○ 妥当：株式会社シード（東証スタンダード7743）は上場親会社のため連結値可（§3-3）。2026年3月期決算短信（2026年5月11日開示）で連結売上高339億4,200万円（前期比2.1%増）を確認し300億基準をクリア。G列の単体303.36億円も基準超えだが余裕が約3億と極めて薄いため、根拠は連結339.42億円に置くのが安全。単体303.36億と連結339.42億の差36億は子会社分と"
1213,フォーデイズ株式会社,6010001056010,303.61,I列(訂正),1.2,303億円（2026年3月期・単体）,"○ 妥当（G列訂正：303.61億円（2026年3月期・単体））：日本流通産業新聞オンラインで2026年3月期売上高303億6,100万円（前期比1.7％減）、経常利益26億8,900万円を確認。新聞社記事で決算期・売上高明記のため承認ソース（§3-4-4）。G列「303億円」は概数で誤りではないが正確には303.61億円。非上場・単体、親子問題なし、株式会社。ただし300億基準に対しマージンわず"
4114,ＡＭＧホールディングス株式会社,7180001049070,304.18,G列,1.4,304.18億円（2025年3月期・連結）,"○ 妥当（要注意・最新期未確認）：2025年3月期連結売上高30,417百万円＝304.17億円は決算短信（2025/5/14）とIRBANK転載（304億1765万円・前期比4.57%増）で二重確認、翌期予想「320億円（前期比5.2%増）」からの逆算とも整合。持株会社の連結値で§3-3適合。ただし①最新の2026年3月期決算短信（2026/5/14公表）の売上実績は5クエリ検索しても取得できず"
1227,株式会社ホンダカーズ静岡,8080001009100,304.38,I列(訂正),1.5,330.6229億円（2026年3月期・単体）,"○ 妥当（G列訂正：304.3760億円（2025年3月期・単体））：自社HP会社概要で確認できるのは売上高304億3,760万円（2025年3月決算期）、従業員419名（2025年3月現在）。G列の「330.6229億円（2026年3月期）」は自社HP・新聞・公的機関いずれの承認ソースでも再現できず、2026年3月期の数値は未公表と判断。株主は「本田技研工業株式会社 他3名」＝本田技研の子会社に"
1730,ネッツトヨタ茨城株式会社,8050001002000,307.0,G列,2.3,307億円（2025年3月期・単体）,"○ 妥当（反証検証済み）：自社HP会社概要を独立に再検索し、売上高307億円（2025年3月決算）を資本金4,800万円・社員537名・設立1969年4月・新車26店舗＋中古車併売10店舗とセットで再現。当該法人単独の値でグループ合算ではない。なお同名紛れの「ネッツトヨタつくば」（ハタヤHDが全株取得）は別法人で取り違えなし。反証できず○維持。ただし基準300億に対し余裕2.3%しかなく、次期で微"
717,株式会社エーアイテイー,3120001075217,307.98,G列,2.7,307.98億円（2026年2月期・単体・営業収益）,○ 妥当：東証プライム上場の親会社（国際フォワーダー）のため連結採用可。2026年2月期の連結営業収益583.99億円（前期比5.0%増、営業利益41.96億円）を確認。G列の単体307.98億円は300億ぎりぎりで単独では脆いが、親会社判定により連結583.99億円で条件充足が確定。原文表記は「営業収益」。
3239,株式会社流通サービス,9030001035744,308.0,G列,2.7,308億円（2026年3月期・単体）,"○ 妥当：自社サイト企業概要で「売上高308億円（2026年3月期）」を確認し、自社ドメイン限定の再検索でも同値を再現（採用ページ「数字で見る流通サービス」も同様）。埼玉県草加市遊馬町の消費物流・生協物流企業で、法人番号9030001035744・所在地・従業員5,006名と整合し同名企業の取り違えなし。ただし基準300億に対する超過幅が8億円と極めて薄く、次期決算の下振れや期ズレで反転しうる要監"
1686,大成ユーレック株式会社,3010701005574,308.11,G列,2.7,308.11億円（2026年3月期・単体）,○ 妥当（G列訂正必須：308.11億円/2026年3月期を4回の独立検索で一度も再現できず）：一般検索・金額シード検索・u-lec.comドメイン限定検索・官報決算公告検索の4本すべてで「2026年3月期の売上高データは見つからない」と返り、返るのは一貫して376億78百万円（2025年3月期）のみ。G列の数値・決算期は1次の誤りの疑いが濃厚。ただし376.78億円の出所はマイナビ/Wikipe
1180,株式会社ミルックス,8010001058475,308.2,G列,2.7,308.20億円（2026年3月期・単体）,"○ 妥当（本ブロック最薄・要再確認）：清水建設グループの子会社だが単体308.20億円（令和8年＝2026年3月期）で§3-3適合。308億2,000万円＝308.20億円で桁検算一致。■最大の弱点：基準300億に対し余裕わずか2.7%。承認ソース（自社HP会社概要）の記載として1次が採った値だが、2回の検索で2026年3月期308.20億を承認ソース側から再現できず、返ったのは2025年3月期3"
1994,群馬県卸酒販株式会社,8070001000877,308.55,G列,2.9,"308億5,500万円（2025年度・単体）","○ 妥当（2次検証・数値は再現できず／結論は維持）：会社概要ページ https://www.g-shuhan.co.jp/overview/ は実在するが、追加3回の検索でも本文の308億5,500万円／グループ366億6,000万円を再現できなかった。ただし別検索で「2024年3月実績 売上高312億7,000万円」が出ており、年商310億前後という規模感は裏付けられる。300億を下回る数値はど"
14,エフピコ商事株式会社,1240001030013,309.0,G列,3.0,309億円（2025年3月期・単体）,"○ 妥当：自社ドメイン内の採用ページ「数字で見るエフピコ商事」（承認ソース系統⑨）に「売上高 309億円（2025年3月期）」と記載されているのを確認でき、G列と一致。同ページの従業員数が「2026年1月時点189名」と最新のため、2025年3月期が現時点の最新公表値と判断でき§3-8も満たす。エフピコの子会社だが単体309億円で300億以上のため§3-3をクリアしており、親の連結値2,221億円"
481,株式会社日本アメニティライフ協会,2020001007809,309.23,I列(訂正),3.1,309.2342億円（2025年3月期・連結）,"○ 妥当（G列訂正：G列309.2342億円（2024/4/1〜2025/3/31・連結）を承認ソースで再現できない。H列が出典とする自社HP『会社情報』(jala.co.jp/aboutus)から取得できる連結売上高は237億2,946万円（令和4年4月1日〜令和5年3月31日）で、(1)300億円未満、(2)2023年3月期＝直近3期外で§3-8の鮮度切れ、の二重の問題がある。自社ドメインの決"
1592,日泉化学株式会社,2500001009665,310.0,G列,3.3,310億円（2026年1月末・単体）,"○ 妥当（ただし単体は基準ぎりぎり・運用は連結値推奨）：自社HP会社概要で単独売上高305〜310億円、連結売上高553〜554億円を確認（サイト表記が「○年1月末現在」で期の切り方が年により揺れる）。連結従業員1,663名に対し単独324名で連結子会社を持つ親会社のため、連結553〜554億円で基準充足（§3-3）。単体値は300億に対し余裕が5〜10億円しかなく、単年の変動で反転しうるため、単"
1632,株式会社エムオーテック,3010401095107,310.0,G列,3.3,310億円（2025年3月期・単体）,○ 妥当：2025年3月期売上高310億488万7千円・従業員308名を確認。メタルワン子会社だが単体310億で300億以上（グループ連結の当て込みではない）。自社ドメインの会社概要・採用サイトは承認ソース（§5-3-9）。ただし基準超過が約3%と薄いため、最新2026年3月期での再確認が望ましい。
523,株式会社セキチュー,3070001008818,310.19,G列,3.4,310.19億円（2026年2月期・単体）,○ 妥当：東証9976・親会社（非連結）。2026年2月期決算短信（2026年3月25日）で売上高310.19億円（営業収益318.67億円、前期比1.2%増）を確認。§3-7に従い売上高310.19億円の採用は妥当。300億円ラインまでの余裕が10億円程度と薄いため、翌期の減収時は再判定が必要。
2132,ネッツトヨタ静岡株式会社,6080101001529,312.0,I列(訂正),4.0,316億円（2025年度・単体）,"○ 妥当（G列訂正：正しくは312億円〈2025年3月期・単体〉。1次の316億円は再現できず）。反証検索で自社HP会社概要（netz-shizuoka.net/company）由来の数表が「売上高312億円（2025年3月実績）／従業員473名（2025年3月現在）／資本金4億9,000万円／決算期3月／本社 静岡県沼津市本丸子町752-6」として整合的に再現された。一方、1次値316億円をシー"
1149,日本コンクリート工業株式会社,8010401022551,313.43,G列,4.5,313.43億円（2026年3月期・単体）,"○ 妥当：東証上場の親会社（コード5269、法人番号8010401022551一致）。EDINET有価証券報告書の単体売上高31,342,743千円＝313.43億円（2026年3月期）で桁検算一致（§6-1）。単体は基準比わずか+4.5%と極めて薄いが、親会社のため連結採用可（§3-3）で、自社IR 2026年3月期決算短信の連結売上高は492億3,300万円（前期比6.5%減）。連結ベースで基"
2750,愛媛製紙株式会社,5500001014225,314.0,G列,4.7,314億円（2025年9月期・単体）,○ 妥当（親子判定の注記）：2025年9月期・単体314億円（従業員234名）を再現、法人番号5500001014225もgBizINFOと一致。ただし同社はカミ商事株式会社を親会社とするカミグループの子会社であるため§3-3により連結値は使えず、単体314億円のみが根拠。単体で300億を超えているためOKだが基準超過は14億円しかなく、次期の減収で反転しうる最薄行。同ブロック行2754（カミ商事
2839,株式会社土屋ホールディングス,7430001010659,314.56,G列,4.9,314.56億円（2025年10月期・連結）,"○ 妥当：自社IR掲載の2025年10月期決算短信（2025/12/15開示）で連結売上高31,456百万円＝314.56億円を再確認。持株会社のため§3-3で連結値OK。ただし前期比5.5%減・営業損益は赤字で、基準300億円との差は約14.6億円（+4.9%）しかない。2026年10月期で基準割れの可能性がある要監視行。"
1047,九州西濃運輸株式会社,9290001052202,314.57,G列,4.9,314.57億円（2026年3月期・単体・営業収益）,"○ 妥当（据置／本ブロックで最も余裕が薄く、数値の直接確認は未達）：3クエリを投じたが反証できず。決算公告ページ（seino.co.jp公式ドメイン＝承認ソース§5-3-5）に第16期の貸借対照表・損益計算書が実在することを確認。既存公告が/koukoku/20130628-01.pdfという命名で、H列の/koukoku/20260612-01.pdfと同一体系のためURLは実在と判断。31,3"
1594,日昌株式会社,2120001068527,315.0,G列,5.0,315億円（2026年3月期・単体）,"○ 妥当：日東電工100%子会社だが、単体の2026年3月期売上高315億5,100万円（≒315億円）を確認。§3-3の「子会社は単体300億以上のみOK」を満たす。連結601億は判定に使わず単体を採用しており処理も正しい。ただし300億のボーダー近傍かつ自社HP会社概要の本文取得までは至らず、次期更新時に掲載値の再確認を推奨。"
1230,前澤給装工業株式会社,8013201005478,316.83,G列,5.6,316.83億円（2026年3月期・単体）,"○ 妥当：2026年3月期決算短信〔日本基準〕（非連結、2026年5月13日開示）で売上高316億8,300万円（前期比0.1％増）、営業利益27億2,700万円、経常利益29億8,200万円を再現確認。31,683百万円＝316.83億円で桁検算一致（§6-1）。東証6485の上場企業・非連結（単体）値で親子問題なし。株式会社。ただし採用値が450億円未満で300億基準に対する余裕は16.8億円"
1525,株式会社森本組,7120001106637,317.4,I列(訂正),5.8,317.40億円（2026年3月期・単体）,"○ 妥当（G列訂正：大豊建設の完全子会社で単体判定は正しく300億超も維持（○維持）。ただしG列317.40億円（2026年3月期）は親会社決算短信の記載として再確認できず（大豊建設2026年3月期は連結1,398.18億円で子会社別売上の開示を確認できない）。自社HP業績ハイライトでは売上高389億円（令和7年3月期）。G列は自社HP値へ差し替えを推奨。"
1749,株式会社ＪＴＣ,9320001006914,317.49,G列,5.8,317.49億円（2026年2月期・単体）,"○ 妥当（反証試行したが決着せず・要注意）：JTCのIRには業績ハイライト（IFRS連結 highlight.html／IFRS単体 highlight2.html）が存在するが、4クエリ試しても売上収益の実数を取得できず、317.49億円を独立に再現できなかった。根拠は依然gBizINFO（EDINET）提出会社売上高31,749百万円の単一ソースのみ。JTCは韓国KOSDAQ上場（2018/4"
3542,福岡県魚市場株式会社,8290001009905,317.81,G列,5.9,317.81億円（2025年度・単体）,"○ 妥当（要注記）：自社会社概要で令和7年度317億8,100万円（令和6年度312億202万円・令和5年度311億2,277万円）を独立に再確認、G列と一致し不連続もない。法人番号8290001009905で照合済（株式会社福岡魚市場8290001009888・福岡中央魚市場とは別法人）。ただし①この値は水産物卸売市場の取扱高ベースで、収益認識基準の純額表示に切替えた場合の損益計算書上の売上高と"
3691,株式会社フジオフードグループ本社,2120001093715,319.32,G列,6.4,319.32億円（2025年12月期・連結）,"○ 妥当：2026年2月13日開示の2025年12月期決算短信〔日本基準〕（連結）で連結売上高31,932百万円＝319.32億円（前期比1.9%増）を確認。桁検算：31,932百万円＝319.32億円で正。上場グループ本社（親会社）のため§3-3により連結値採用でOK。決算期は直近（§3-8）。300億に対し19億円の余裕しかないため、次期に減収があれば条件割れの可能性あり。"
3835,株式会社豊群インターナショナル,2080001009122,320.0,G列,6.7,320億円（2025年12月期・単体）,○ 妥当：台湾・豊群水産股份有限公司100%子会社だが、自社HP会社概要で当社単体の2025年12月期売上高320億円を確認（資本金1億円・従業員19名の冷凍鰹鮪トレーディング）。§3-3の子会社単体300億以上を満たし、親会社のグループ値ではない。300億のボーダー近傍のため次期更新時に再確認を推奨。
1284,株式会社伊予鉄高島屋,2500001000475,320.03,G列,6.7,320.03億円（2025年度・単体）,"○ 妥当：自社HP会社概要で2025年度売上高32,003百万円＝320.03億円を再現確認。伊予鉄グループ(株)の子会社だが単体で300億超のため§3-3上OK。ただし基準300億に対し余裕約20億のみで、次期の減収で反転しうる薄マージン行。従業員322名（2026年4月1日現在）でサイトは更新済み。"
476,株式会社松竹マルチプレックスシアターズ,2010001046023,320.92,G列,7.0,320.92億円（2026年2月期・単体）,○ 妥当（薄い）：株式会社。松竹の子会社だが単体320.92億円（2026年2月期・第30期、前期比30.4%増、営業利益20.92億円）を確認。子会社単体で300億超のため§3-3の要件を満たす。ただし超過幅は約7%と薄く、翌期に興行が落ちれば割れる水準。なお今回の裏取りは業界ニュース（gamebiz）経由で、H列が挙げる松竹有報『主要な損益情報等』の原本URLは未到達のため、出典URLは松竹I
748,株式会社ＦＰパートナー,8010001129227,321.04,I列(訂正),7.0,321.04億円（最新有報・単体）,"○ 妥当（G列訂正：「最新有報」ではなく2025年11月期・単体（非連結決算）と明記すべき）：2025年11月期決算短信〔日本基準〕(非連結)で売上高321億400万円＝321.04億円（前期比▲9.9%）を確認し、G列数値32,104,060千円＝321.04億円と一致。上場会社・非連結決算のため単体で判定し300億超。ただし基準超過は約7%と薄く、業務改善命令に伴う集客停止で減収基調のため、2"
1687,共立印刷株式会社,2011401001699,321.78,G列,7.3,"321億7,765万円（2026年3月期・単体）","○ 妥当（重要訂正・親子判定）：共立印刷は2022/9/29に上場廃止、株式会社KYORITSU（7795・東証スタンダード）の完全子会社（2022/10/1株式交換でHD体制移行）。1次は親子関係を認識していなかった。§3-3の子会社ルール適用によりグループ連結は使用不可で、KYORITSU連結429億円（2026年3月期）は根拠にできない。採用可能なのは自社HP会社概要の321億7,765万円"
248,株式会社オイシス,6140001015952,322.0,G列,7.3,322億円（2025年3月期）,○ 妥当（要注意行）：自社HP会社概要（承認ソース）で「売上高322億円（2025年3月実績）」を確認。ドメイン限定検索でも同一値を再現。株式会社のため法人格OK、同社は独立事業会社で連結値の流用ではない。ただし採用値322億円は基準300億に対し余裕が約7%しかなく、期ずれ・会計基準差で下回るリスクがある最要注意行。2026年3月期の最新値はHP未更新で、判定を維持するには次期公表値の追跡が必要
2073,ジェイアール東海建設株式会社,3180001030538,322.0,G列,7.3,322億円（2025年度・単体）,○ 妥当：JR東海100%子会社だが、自社HP（jken.co.jpドメイン限定検索で再現）に令和7年度の売上高322億円の記載を確認でき、G列の322億円（2025年度・単体）と一致。§3-3の子会社基準（単体300億以上）を満たすため架電可。令和7年度＝2025年度（2026年3月期）で§3-8の鮮度も満たす。昭和63年設立、愛知県名古屋市中村区、鉄道関連の土木・建築を主とする総合建設会社で対
385,アイシン開発株式会社,1180301013657,322.31,I列(訂正),7.4,337.81億円（2025年3月期・連結）,○ 妥当（G列訂正：アイシン(株)の子会社のため判定値は単体322.31億円（2025年3月期）。G列の337.81億円はアイシン開発自身の連結値）。単体でも300億超のため架電可。ただし300億まで22億円しか余裕がなく、2026年3月期の更新値は自社HP・親会社IRとも未確認。
1175,株式会社ヒラノテクシード,9150001013309,322.85,G列,7.6,322.85億円（2026年3月期・連結）,"○ 妥当：自社IRの2026年3月期決算短信（2026/5/12公表）で連結売上高32,285,374千円＝32,285百万円＝322.85億円を再現確認。千円単位からの桁検算一致。東証上場の親会社のため連結値の採用は§3-3で可。■強い注意：採用値322.85億円は基準300億に対し余裕わずか7.6%で、かつ前期比33.2%の大幅減収（北米EV市場減速で主要顧客の設備投資が延期）。次期は300億"
1128,ニデックプレシジョン株式会社,9011401007178,322.95,G列,7.6,322.95億円（2025年3月期・単体）,"○ 妥当（再検証で数値再現・1次の懸念は解消）：ニデック100%子会社のため単体値が必須。官報決算公告で第88期（2024年3月期）売上高267億8,300万円→決算末日2025年3月31日の売上高322億9,500万円（前年比+20.58%）を再取得でき、1次のgBizINFO値32,295百万円＝322.95億円と完全一致。267.83×1.2058≒322.95で桁検算も一致（§6-1）、法"
1945,株式会社なの花北海道,1430001005219,323.88,G列,8.0,323.88億円（2025年3月期・単体）,"○ 妥当：親会社メディカルシステムネットワーク（4350・札幌／北海道財務局提出）の有報「関係会社の状況＝主要な損益情報等」から子会社単体を採ったルートは§5-3-6の正攻法。単体2024年3月期31,435百万円＝314.35億円を独立に確認でき、翌期323.88億円は連続性がある。いずれの期でも単体300億超で子会社要件（§3-3）を満たす。ただしH列のURLはedinetdb.jp（EDIN"
767,マルサンアイ株式会社,9180301001869,324.6,G列,8.2,324.60億円（2025年9月期・単体）,"○ 妥当：名証メイン上場（2551）の親会社。2025年9月期の連結売上高331.57億円を確認し、単体324.60億円（gBizINFO/EDINET 32,460,315千円＝324.60億円、桁検算済み）と整合。連結・単体とも300億超で親会社基準（RULES§3-3）を満たす。ただし2025年3月にみそ事業を子会社等へ集約した事業ポートフォリオ再編の影響で、2026年9月期の連結売上高は当"
548,ゴウダ株式会社,6120901000808,325.0,I列(訂正),8.3,325億円（2025年実績・単体）,○ 妥当（G列訂正：325億円は「グループ実績」であり単体ではない）：自社採用HP「数字で見るゴウダ」で2025年10月グループ実績325億円（2024年実績320億円）を確認。G列の「単体」表記は誤りで、正しくは「325億円（2025年10月期・グループ実績）」。ゴウダ(株)はゴーテック／グラデュオ／ゴウダ物流／GODA C&Eを擁する親会社なので§3-3によりグループ値でOK。ただし単体値は未
1367,株式会社ダンロップスポーツマーケティング,7010401017478,325.0,I列(訂正),8.3,325億円（2025年実績・単体）,○ 妥当（G列訂正：325億円は「2025年12月期・単体」）：住友ゴム100%子会社。親の連結でなく自社採用HP『数字で見る』の単体325億円を採用しており§3-3を充足。再検証で決算公告（官報決算DB。§7-1の未確認ソースのため決算期の確認のみに使用）から決算期＝12月末と判明し、G列の「2025年実績」は2025年12月期。ただし前年2024年実績は278億円＝300億未満で、超過は+25
2207,オタフクホールディングス株式会社,6240001001983,325.0,G列,8.3,325億円（2025年度・連結）,○ 妥当（G列補足：決算期を「2025年9月期」と明記すべき）。対象法人は持株会社のため§3-3によりグループ連結300億超で可。日本食糧新聞（2025/10/22）および中国新聞が、Otafukuグループ9社連結の2025年9月期売上高を国内261億円＋海外64億円＝325億円・連結売上高過去最高と、決算期と金額を明記して報道しており§3-4の新聞社ソースを満たす。325億は基準300億に対し余
3502,株式会社イングリウッド,5012702013389,325.0,G列,8.3,325億円（2025年8月期・連結）,○ 妥当：イングリウッドはメディカルコート等を子会社化したグループ親会社であり、§3-3で連結値の採用は適合。2025年8月期（第21期）連結売上高325億円で300億超。自社サイトのCOMPANYページと電子公告ページの存在は確認したが、WebFetch遮断のため本文数値の直接再取得は不可（325億は複数の外部記事で一致。うち日本ネット経済新聞は取材時点で「見通し」表記）。300億との差が25億
3390,株式会社新日本科学,9340001000031,325.24,G列,8.4,325.24億円（2026年3月期・連結）,"○ 妥当：東証プライム上場（2395）の親会社のため連結値採用可（§3-3）。2026年3月期決算短信（2026年5月11日開示）の連結売上高32,524百万円＝325.24億円を再確認（4期連続で過去最高を更新）。桁検算一致。ただし基準300億に対し余裕は約8%と極めて薄く、次期に減収があれば条件を割るため要監視。"
1725,株式会社東陽テクニカ,8010001051991,325.59,G列,8.5,325.59億円（2025年9月期・連結）,○ 妥当：2025年9月期決算短信〔連結〕（2025/11/12開示）で連結売上高325億59百万円（前期比7.1%減／国内308.86億円＋海外16.72億円）を再現確認。G列の値・決算期・連結の別すべて一致。上場親会社のため連結採用可。ただし300億超の余裕は8%で減収基調のため、次期2026年9月期で割り込む可能性あり。
700,ラサ工業株式会社,8010001034971,325.95,G列,8.6,325.95億円（2026年3月期・単体）,○ 妥当：東証プライム上場の親会社のため連結採用可（§3-3）。自社IR決算説明資料（2026/5/14）で2026年3月期 連結売上高477.27億円（前期比5.1%増）を確認。G列の単体325.95億円は本検証では直接再現できていないが、親会社判定のため連結477.27億円で300億超が確定。
1220,内外テック株式会社,6010901008705,326.14,G列,8.7,326.14億円（2026年3月期・連結）,"○ 妥当：2026年3月期の連結売上高326億14百万円（前期比7.71％減）を確認。32,614百万円＝326.14億円で桁検算一致（§6-1）。東証3374の上場親会社で連結値の使用可（§3-3）。株式会社。ただし採用値が450億円未満かつ前期比7.7％減の減収基調で、300億基準に対する余裕は26億円（8％）にとどまるため要監視。"
1482,名古屋スバル自動車株式会社,1180001013049,326.95,G列,9.0,326.95億円（2024年度・単体）,○ 妥当（§6-7 合併・商号変更／基準に近く要注意）：2026/4/1に岐阜スバル自動車・三重スバル自動車と合併し「スバル東海株式会社」となった。架電時の社名は「スバル東海株式会社」。株式会社SUBARUの連結子会社のため§3-3で単体判定が必要。採用値326.95億円（2024年度）は300億超だが超過幅は約27億円と薄く、単体か東海3社合算かの別が自社HPで確定できなかった。合併後の単体はよ
815,ヴァーレ・ジャパン株式会社,9010401074848,327.96,G列,9.3,327.96億円（2025年12月期・単体）,"○ 妥当（G列に疑義・判定は不変）：反証検証で、G列の「327.96億円（2025年12月期・単体）」を32,796百万円でシード指定して2回検索したが、gBizINFO・官報決算データベースのいずれからも再現できなかった。一方で官報決算公告は第59期432.78億円・第60期440.89億円を示し、直近期の実勢は430〜440億円台。327.96億円が正しい場合も、実勢が440億円台である場合も"
3299,福島トヨタ自動車株式会社,6380001001499,328.0,G列,9.3,328億円（2026年3月期・単体）,"○ 妥当：自社企業情報ページで2026年3月期（2025年4月〜2026年3月）売上高328億円、新車販売5,510台、従業員510名（2026年3月現在）を確認。基準300億に近いが超過。単体値のため親子判定に影響なし。"
4225,株式会社ダイヤモンドダイニング,4010401130622,328.71,G列,9.6,328.71億円（2025年2月期・単体）,○ 妥当（要留意）：株式会社DDグループの事業子会社であり§3-3により単体300億以上が必須。親会社DDグループ（3073）の2025年2月期連結は3Q累計285.19億円＋4Q約100.5億円＝通期約385億円規模で、ダイヤモンドダイニング単体328.71億円（2025年2月期）と整合する（グループ主力事業会社として妥当な比率）。G列の出典は自社ドメインの決算公告PDF。ただしWebSearc
1752,長野県酒類販売株式会社,4100001002295,329.0,G列,9.7,329億円（2025年3月・単体）,○ 妥当（G列訂正の疑い：決算期・数値）：計5クエリでもG列の「329億円・2025年3月」は一度も返らず、代わりに売上高326億円（令和5年度＝2024年3月期）が2回独立に返った。G列の決算期表記は誤りの可能性が高い。ただし326億・329億いずれも300億超で判定は動かない。日本食糧新聞に1999年3月期537.24億円の記載があり四半世紀で約4割の長期減収トレンド。総資産161億円・自己資
2545,株式会社スタジオアリス,5120001096533,329.28,G列,9.8,329.28億円（2026年2月期・連結）,○ 妥当：親会社（東証2305）。2026年4月14日開示の2026年2月期決算短信で連結売上高329.28億円（前期比7.5%減）を再現確認。決算期・数値ともG列と一致し基準クリア。ただし300億に対する余裕が約29億円と薄く、前期比7.5%減の減収基調が続けば次期に割り込む可能性があるため要ウォッチ。
205,株式会社ホンダネットキンキ,7150001001265,329.6,G列,9.9,329.6億円（2024年度・合併前2社合算）,○ 妥当：自社HP会社概要(net-kinki.co.jp/about/company/)で売上高329.6億円（2024年度実績・ホンダネット京奈／スーパーホンダ和歌山の合算）を確認。§6-7の社名変更該当：2025年4月に株式会社ホンダネット京奈が株式会社スーパーホンダ和歌山を吸収合併し、商号を株式会社ホンダネットキンキへ変更。リストのC列は変更後の現商号のため架電時の名乗りに支障はない。留意
1767,株式会社オータケ,9180001029707,329.93,I列(訂正),10.0,312.53億円（2024年5月期・単体）,○ 妥当（G列訂正：2024年5月期は2期前。確認できる最新は2025年5月期329.93億円）：東証スタンダード（7434）名古屋の管工機材専門商社で親会社。反証試行の結果、判定は覆らないが1次の記述に誤りを発見。1次は『決算発表2026年7月14日予定＝既に開示済みのはず』としたが、自社IR（kk-otake.co.jp）に「2026年5月期決算短信の開示が期末後50日を超えることに関するお知
1343,日産ネットワークホールディングス株式会社,3020001062646,330.0,G列,10.0,330億円（2025年度・単体）,"○ 妥当：社名は「ホールディングス」だが実体は日産自動車92.3%出資の子会社のため単体判定が必要（§3-3）。自社HP企業概要の330億円（2025年度）に加え、第71期決算公告（決算末日2025年3月31日）の単体売上高336億1,300万円でも裏取りでき、単体で300億超を確認。ただし基準超過は約1割にとどまり薄い。子会社に連結値を当てた誤りではない（販社を連結すれば桁が変わるため330億円"
1027,静銀リース株式会社,7080001001990,331.0,G列,10.3,331億円（2026年3月期・単体）,"○ 妥当：しずおかフィナンシャルグループの子会社だが単体331億円で300億超。自社HP『静銀リースについて』にドメイン限定検索で到達し、売上高331億円（2026年3月期）・資本金2億5,000万円・従業員130人（2026年4月1日時点）を確認。決算期・数値とも一致。ただし300億をわずかに超える水準（前年比▲1.18%の減収）のため、次期減収で割り込む可能性があり定期再確認を推奨。"
3475,株式会社ソーシン,3030001027053,331.0,G列,10.3,331億円（2025年度・単体）,○ 妥当：自社会社概要／業績ページで2025年度売上高331億円を確認。日野自動車の連結子会社（本社=埼玉県入間市、法人番号3030001027053で照合）だが、対象法人自身の値が300億超のため§3-3適合。ただし超過は約31億と極めて薄く、また331億円が単体かソーシングループ計かの明示までは確認できていないため、架電前に業績ページで単体・最新期を再確認推奨。
773,岡山県貨物運送株式会社,4260001001001,331.85,G列,10.6,331.85億円（2026年3月期・単体・営業収益）,"○ 妥当：東証スタンダード上場（9063）の親会社。2026年3月期の連結営業収益388.99億円（前期比+1.4%、営業利益12.60億円・同+39.0%、親会社株主帰属当期純利益27.19億円）を2026/5/8開示の決算短信ベースで再現・確認。単体は331.85億円（EDINET/gBizINFO 33,184,661千円＝331.85億円、桁検算済み）。親会社は連結・単体いずれでも判定可（"
125,リリカラ株式会社,2011101022797,332.07,G列,10.7,332.07億円（2025年12月期・単体）,"○ 妥当：2025年12月期・売上高332億円（33,207百万円）を自社IR決算資料で再確認（経常利益7.3億円・当期純利益5.2億円）。2026年12月期は未到来のため鮮度OK。※332.07億円は300億基準に対し余裕が小さく、450億未満の薄マージン。単体/連結の別はH列記載どおり単体で矛盾なし。"
2746,遠藤科学株式会社,5080001000689,333.0,G列,11.0,約333億円（現行会社概要・単体）,○ 妥当：自社HP会社概要に年商約333億円。法人番号5080001000689がgBizINFOと一致（静岡市駿河区・理化学機器の技術商社・従業員約240名）。自社HPに事業報告書ページがあり最新は第72期（2024年8月1日〜2025年7月31日）＝7月決算で鮮度は直近3期以内。ただしG列の「約333億円」は会社概要の年商表記で決算期の明記がなく、300億基準に対するマージンは33億と薄い。架
857,西部電機株式会社,2290001036343,333.52,I列(訂正),11.2,380.43億円（2026年3月期・単体）,"○ 妥当（G列訂正：単体/連結の別と数値に不整合）。西部電機は2025年3月期の連結売上高333.52億円（前期比4.4%増・過去最高）、2026年3月期の連結予想361億円（同8.2%増）。G列の「単体380.43億円」は連結予想を上回っており、単体≦連結の関係と矛盾する。38,043百万円は2026年3月期の連結実績値で「単体」表記が誤りの可能性が高い。最も保守的な333.52億円でも300億"
333,武蔵コーポレーション株式会社,7030001012852,334.0,G列,11.3,334億円（2025年8月期・連結）,"○ 妥当：親会社のため連結値採用可。再検証で第20期（令和7年8月期）の連結売上高33,487百万円＝334.87億円（前期比15%増・20期連続増収）を確認し、G列334億円と一致。自社ドメインの決算公告PDF（musashicorp.jp/aboutus/accounts_r07.pdf）に連結損益が掲載され、連結対象が武蔵コミュニティー㈱・㈱ホームサポート等である旨の注記から同社が親会社であ"
2825,株式会社ビーイングホールディングス,8220001007865,335.15,I列(訂正),11.7,確認不可,"○ 妥当（G列訂正：科目は「売上高」ではなく「営業収益」）：株式会社ビーイングホールディングス（東証スタンダード・9145／陸運業）2025年12月期 連結営業収益 33,515百万円＝335.15億円（前期比+11.0%、営業利益2,304百万円）を2026年2月13日開示の決算短信〔日本基準〕（連結）で再現確認。HDのため連結で判定可（§3-3）。1次回収は「連結売上高」としたが決算短信P/L"
790,株式会社トヨタレンタリース名古屋,7180001022424,335.87,G列,12.0,335.87億円（2025年度・単体）,"○ 妥当（自社ドメイン限定検索で確証）：自社HP会社概要（trl-nagoya.co.jp限定検索）で売上高33,587百万円＝335.87億円（2025年度）を直接確認。同ページ上で従業員518名（2026年4月末）、レンタカー5,253台・リース42,982台（2026年3月末）、資本金5,000万円、設立1982年7月と併記されており、2025年度＝2026年3月期で鮮度も適合。法人番号71"
528,ジェイフィルム株式会社,5010001032615,336.0,I列(訂正),12.0,318億円（2026年3月期・単体）,○ 妥当（G列訂正：承認ソースで確認できる値は336億円・2025年3月期・単体）：三菱ケミカルグループ公式リリースに売上高336億円・従業員827名（2025年3月末）と記載。G列の「318億円・令和8年3月期」は承認ソースで再現できず。さらに2025年12月29日付で親会社が三菱ケミカル→丸の内キャピタルに変更（§6-7関連、自社リリース2025/8/1）。単体336億で子会社単体基準は充足。
4391,株式会社久原本家グループ本社,5290001063310,336.0,I列(訂正),12.0,336億円（2026年2月期・グループ連結）,○ 妥当（G列訂正：G列の「336億円（2026年2月期・グループ連結）」は承認ソースで再現できず。自社公式サイトで確認できるのはグループ売上高303億円〈2023年2月期〉・318億円〈2024年2月期〉・327億円〈2025年2月期〉の系列）。金額をシード指定して「336億円／2026年2月期」を検索しても一度も返らず、代わりに自社サイト系列の303億円（2023年2月期）・318億円（202
2953,株式会社ヤマシタ,7080001005414,336.6,G列,12.2,336.6億円（2025年3月期・単体）,"○ 妥当：336.6億円（2025年3月期）は検索でも同一の期・同一の値で再現（従業員2,829名／2025年3月末と併記）。承認ソースは自社ドメインのニュースリリースPDFおよび自社採用サイト「数字で見るヤマシタ」（§5-3-9）。2026年3月期の公表値は承認ソースで確認できず、2025年3月期が最新開示で§3-8の直近3期以内に適合。ただし基準300億に対し余裕12%と薄いため要監視。"
1503,株式会社日本アクア,4020001061696,336.71,G列,12.2,336.71億円（2025年12月期・単体）,"○ 妥当（反証試行済・確定）：2025年12月期決算短信〔日本基準〕(非連結)の売上高33,670百万円＝336.71億円（前期比+11.3%）を、自社IR掲載PDFとTDnet配信版の双方で再現。金額をシードにした検索でも同値が返り、1次値に誤りなし。東証1429・非連結開示のため単体＝全社で親会社不在、親子問題なし。300億超の余裕は約37億円と本ブロック最薄で、減収があれば反転しうる要監視行"
102,ロジスティードエクスプレス株式会社,8020001018222,338.04,G列,12.7,338.04億円（2026年3月期・単体）,"○ 妥当：自社HPに決算公告ページの存在を確認（承認ソース§5-3-5、自社ドメイン）。33,804,242千円=338.04億円の桁も検算一致（§6-1）。前期2025年3月期は約370.3億円（従業員559名）との情報もあり2期連続で300億超。ロジスティード100%子会社だが単体で基準充足し§3-3を満たす。ただし第74期公告本文は検索経由で確認できず、370→338億の減収基調で300億ラ"
3096,株式会社魚力,4010101000456,338.23,G列,12.7,338.23億円（2026年3月期・単体）,"○ 妥当：東証上場（7596）の親会社。EDINET有報の提出会社（単体）売上高33,822,804千円＝338.23億円（2026年3月期）でG列と一致、桁検算OK。同期の連結売上高は436億円（前期比19.0%増、最上鮮魚のM&A効果）で単体・連結いずれも300億超。決算期も直近期で§3-8の鮮度問題なし。単体値を採用しており連結の誤用もない。採用値338億は450億未満のため薄マージンとして"
1848,キヤノン化成株式会社,4050001016689,338.24,G列,12.7,338.24億円（2025年12月期・単体）,"○ 妥当：第76期（2025年12月期）売上高33,824百万円＝338.24億円を独立に再確認。§6-1検算OK（33,824÷100=338.24億円。3,382億円ではない）。キヤノン子会社だが単体338.24億円で300億以上、最新期。出典のgBizINFO決算公告は公的機関ソース（§3-4③）。閾値に近いが数値は確定。"
1466,株式会社オプトラン,1030001056764,338.61,G列,12.9,338.61億円（2025年12月期・連結）,"○ 妥当：2025年12月期 連結売上高338.61億円（前期比4.5%増）を決算短信で確認。33,861,286千円＝338.61億円で検算一致。東証上場（6235）の親会社のため連結採用可。ただし採用値は450億円未満で基準に近い。※同一数値が行1483中野冷機にも記載されており、そちらが転記疑い。"
1408,エステールホールディングス株式会社,7010401094724,338.9,G列,13.0,338.90億円（2026年3月期・連結）,○ 妥当：東証スタンダード（7872）上場のホールディングスであり、§3-3・2026/08/24濱本さん確認どおりグループ連結300億超で可。2026年3月期連結売上高338.9億円（前期比8.4%増、営業利益6.87億円）を再現確認しG列338億90百万円と一致。自社IRに同期の四半期決算短信PDFが実在。ただし基準300億をわずか13%上回るのみで採用値450億円未満のため薄マージン。次期の
1589,宮崎くみあいチキンフーズ株式会社,3350001001744,339.0,G列,13.0,339億円（2024年度・単体）,○ 妥当：全農チキンフーズグループ公式サイトの会社概要で売上高339億円・従業員841名（2025年3月現在）を確認。2024年度＝2025年3月期でG列と一致し、直近3期以内。全農チキンフーズ子会社だが当社単体で300億超。株式会社、法人番号3350001001744もgBizINFOで一致。架電可。※H列URLは現行の https://www.ja-zcf.co.jp/mc/corp/outl
2184,株式会社グッデイ,2290001030338,340.0,G列,13.3,約340億円（2025年3月期・単体）,"○ 妥当（反証試行で追認）：自社公式採用サイト会社概要の売上高約340億円（2025年3月）を独立検索で再現。従業員1,500名（うち正社員600名）、2026年1月現在65店舗（福岡43・大分7・佐賀7・熊本4・山口4）と事業規模も整合し桁検算OK。嘉穂無線ホールディングス（持株会社・傘下5社）の子会社だが単体340億円で300億超のため§3-3適合、グループ連結は不使用。基準に対する余裕が約4"
1146,倉敷化工株式会社,1260001013073,342.0,G列,14.0,342億円（2024年3月期・単体）,○ 妥当（鮮度に注意）：自社HP会社概要／「数字で見る倉敷化工」の単体売上高342億円（2024年3月期）を検索で再現確認。単体表記でありグループ値の誤用なし、本社は岡山県倉敷市連島町矢柄で法人番号1260001013073と整合（§6-2）。懸念：①基準比+14%と薄い、②自社HPが2024年3月期のまま更新されておらず2025年3月期・2026年3月期の値は未公表で、§3-8の直近3期の下限に
1748,中本パックス株式会社,8120001024730,342.17,G列,14.1,342.17億円（2026年2月期・単体）,○ 妥当：2026年2月期決算短信〔日本基準・連結〕（2026/4/10開示、東証7811）で連結売上高496億35百万円（前期比1.0%増・過去最高）を確認。G列の342.17億円はEDINET提出会社（単体）値で誤りではないが、上場親会社のため代表値は連結496.35億円。単体・連結いずれでも300億超で判定は動かない。
490,シャディ株式会社,3010401063385,343.0,G列,14.3,343億円（2025年12月期）,○ 妥当（薄い）：株式会社。自社HP『会社概要』(shaddy.jp/ir/company/)ベースで2025年12月期の年商343億円を確認、G列と一致。自社ドメイン内に電子公告ページも存在し承認ソースを自社サイトで確保できる。親子関係（持株会社傘下か否か）は今回確定できなかったが、採用値はシャディ株式会社自身の売上高であるため§3-3の判定に影響しない。300億超過幅は約14%と薄い。
1761,三協テック株式会社,8230001010570,343.0,G列,14.3,343億円（2026年3月期・単体）,"○ 妥当（反証試行済・維持）：自社ドメイン限定検索（sankyotec.jp/company/）で独立に再現確認＝売上高343億円（令和8年3月期＝2026年3月期）、資本金5,000万円、従業員934名（令和8年4月1日現在）、決算期3月、本社富山県高岡市早川70。単一法人の会社概要書式であり、傘下子会社の記載はなく『グループ』『連結』の注記も無いため単体値と判断（§6-4の連結誤用なし）。同社"
1963,日本設備工業株式会社,6010001065457,343.0,G列,14.3,343億円（2026年3月期・単体）,○ 妥当：自社HP会社概要および自社採用サイト「数字で見る日本設備工業」で2026年3月期（第60期）売上高343億円・従業員425名（2026/4/1）を再現確認。前々期277億→前期308億→当期343億と増収トレンドが整合。高砂熱学工業グループの一員とされるが、仮に子会社であっても単体343億円で§3-3の「子会社は単体300億以上」を満たすため判定は変わらない。基準比＋14%と薄いため、次
802,トリニティ工業株式会社,6180301021663,343.4,G列,14.5,343.40億円（2026年3月期・単体）,"○ 妥当：自社HP会社概要の単独売上高34,340百万円＝343.40億円（2026年3月期）。桁検算OK。前期2025年3月期の単独35,388百万円＝353.88億円も確認でき推移として整合。東証スタンダード上場（6382）の親会社のため単体・連結いずれでも可。ただし採用値343.40億円は基準300億に対し余裕が小さい。"
3700,株式会社ソフトクリエイトホールディングス,8011001012950,343.91,I列(訂正),14.6,309.51億円（2025年3月期・連結）,○ 妥当（G列訂正：最新は2026年3月期・連結343.91億円＝343億91百万円、前期比+11.1%。G列の309.51億円は2025年3月期の値で1期古い）。反証検索で自社決算短信PDF（softcreate-holdings.co.jp/cms/html/pdf/press/sof260511.pdf、2026/5/11開示）に直接一致を確認済み。東証上場の持株会社のため連結値採用は§3-
282,川口土木建築工業株式会社,2030001074253,344.0,G列,14.7,344.00億円（2024年9月期・単体）,○ 妥当：344億円（2024年9月期）で300億超、9月決算のため直近3期以内（§3-8）。ただし自社HP会社概要を再検索しても数値を再現できず。求人媒体（マイナビ／キャリタス＝禁止ソース）には2025年9月期397億円の記載があり、G列は1期古い可能性が高い。承認ソースで2025年9月期を確認できないため2024年9月期を維持。450億未満で余裕は小さい。
1857,株式会社駒井ハルテック,2120001028927,344.14,G列,14.7,344.14億円（2026年3月期・連結）,"○ 妥当：2026年3月期 決算短信〔連結〕で連結売上高34,414百万円＝344.14億円（前期比15.1%減）を独立に再現。桁検算一致。東証上場の親会社で連結値使用は§3-3適合。ただし基準300億に対し余裕は約44億円と薄く、前期比15.1%の減収基調のため次期に基準割れする可能性あり。次回リスト更新時は再確認推奨。"
4100,株式会社ＷＤＩ,8010401022997,345.18,G列,15.1,345.18億円（2026年3月期・連結）,"○ 妥当：2026年3月期（2026/5/14開示）の連結売上高34,518百万円＝345.18億円を確認。上場親会社のため§3-3により連結値でOK。桁検算一致。450億未満のため薄マージン行として扱う。"
145,株式会社日本ケアサプライ,3010401035013,345.32,I列(訂正),15.1,349.29億円（2026年3月期・連結）,"○ 妥当（G列訂正：単体表記に是正）：2026年3月期の連結売上高349億2,988万円（前期比+9.1%）を決算短信（TDnet ID 20260511523714／2026年5月12日開示）で独立再確認。ただし当社は三菱商事の連結子会社であり、§3-3では子会社は単体で判定するためG列は「345.32億円（2026年3月期・単体）」と記すべき（連結値の採用は§6-4に抵触）。単体・連結いずれも"
3999,株式会社ＲＥＶＯＬＵＴＩＯＮ,8250001006187,345.7,G列,15.2,345.70億円（2025年10月期・連結）,"○ 妥当：2025年10月期決算短信（2025/12/15公表）で連結売上高34,570百万円＝345.70億円を確認（前期比521.1%増。1次I列の「621.1%増」は誤記のため訂正）。筆頭株主は合同会社ＦＯ１の36.07%（2025/10/31時点、2026/1/9に28.68%へ低下）だが適時開示上「その他の関係会社」であり親会社ではないため、当社は子会社に該当せず§3-3により連結値でO"
3271,大伸化学株式会社,6010401016497,345.76,G列,15.3,345.76億円（2026年3月期・単体）,"○ 妥当（G列要確認：単体／連結の別と決算期）：東証スタンダード上場4629の親会社。2025年3月期の連結売上高347.11億円（前期比6.93%増）、2026年3月期の連結予想360.20億円を確認。採用値345.76億円（34,576,474千円）はこのどちらとも一致せず、2026年3月期連結実績か2025年3月期単体のいずれかと見られる。gBizINFOのEDINET財務値は連結を掲載する"
3536,東邦アセチレン株式会社,8010001034831,345.76,G列,15.3,345.76億円（2026年3月期・連結）,"○ 妥当（親子疑義を解消）：1次が残した「東ソー・日本酸素系＝子会社では」の疑いを検証し、東ソーの持株比率は24.7%（筆頭株主だが過半未満、日本酸素HD・丸紅も少数株主）で被支配子会社ではないことを確認。東証スタンダード4093の独立上場会社かつ㈱東酸・太平熔材等を特定子会社に持つ親会社のため§3-3により連結値採用可。2026年3月期連結売上高345億7,600万円（前期比0.7%減、営業利益"
1550,株式会社フリジポート,6010401046825,346.0,G列,15.3,346億円（2026年3月期・単体）,"○ 妥当：自社HP会社概要で売上高346億円（2026年3月）・従業員1,486名（2026年3月末）を確認。森永乳業100%出資子会社だが当社単体で300億超のため§3-3を満たす。グループ連結値の流用なし。株式会社・最新期。架電可。"
2767,株式会社内村,2120001041483,346.0,G列,15.3,346億円（2025年8月時点・単体）,○ 妥当：売上高346億円（2025年8月実績）・従業員142名（2025年8月31日時点）を確認。法人番号2120001041483と整合する大阪市本社の建設機械用・工業用部品の専門商社（1939年創業、海外10か国17拠点）。自社HPの会社情報ページおよび自社公開の「新中期経営計画2028」（2025年9月）PDFが実在。ただし自社ドメイン限定検索では346億円の数値を直接再現できず、同値はマ
3204,株式会社フォーラムエンジニアリング,3010401025641,346.83,I列(訂正),15.6,346.83億円（2025年3月期・単体）,"○ 妥当（G列訂正：①単体→連結の別が誤り ②決算期は2026年3月期へ更新可）。架電可否は○のまま。【G列訂正1・§6-4】346.83億円は「単体」ではない。2025年5月14日開示の『2025年３月期 決算短信〔日本基準〕（連結）』の連結売上高34,688百万円＝346.88億円（gBizINFO/EDINET表記34,683百万円）であり、正しくは『346.88億円（2025年3月期・連結"
331,東洋ガラス株式会社,4010701026116,347.0,G列,15.7,347億円（2026年3月期）,"○ 妥当：東洋製罐グループホールディングスの完全子会社。子会社は単体300億以上のみ可のところ、2026年3月期の単体売上高347億5,700万円（前年比▲1.03%）を確認し基準充足。自社HPに決算公告ページあり。ただし300億まで47億の薄マージンかつ前年比減収傾向のため、次期は要再判定。"
2199,弘果弘前中央青果株式会社,1420001009352,347.0,G列,15.7,347億円（2023年度・単体）,"○ 妥当：弘果弘前中央青果株式会社は青森県弘前市の独立系青果卸（法人番号1420001009352で照合済）。自社HP会社概要の令和5年度売上高347億円（税抜）は、別途確認できる2024年3月の売上高374億4,500万円（税込）と軽減税率8%で整合（374.45÷1.08≒347）し数値は正しい。G列の「2023年度」は実体としては2024年3月期。直近3期以内の下限にあたるため新期公表があれ"
2703,日本メディカルシステム株式会社,7040001027214,347.0,I列(訂正),15.7,347億円（2025年度・単体）,"○ 妥当（G列訂正：347億円は承認ソースで再現できない）：自社サイトで確認できる数値は「直営店売上308億円（2025年2月実績／2025年4月時点）、従業員1,971名・薬剤師468名、全国130店舗超」であり、G列の「347億円（2025年度・単体）」はjmsys.co.jp・EDINET・決算公告のいずれでも再現できなかった。347億円が載るのはSalesNow・doda・Baseconn"
2241,エース株式会社,6120001075437,347.2,G列,15.7,347.2億円（2025年度・連結）,○ 妥当：エース株式会社（鞄・ラゲージ。本社は東京都港区麻布台1-3-1麻布台ヒルズ森JPタワーへ移転済、旧・渋谷区神宮前）。子会社（大峽製鞄）を持つ親会社のため連結採用可。2025年度連結売上高347.2億円は自社公式ニュースリリース添付の会社概要が出典で、二次情報も同額347億円、2018年度連結329億円からの推移とも整合。ただし採用値は基準300億に対し余裕47億と薄く、「2025年度」の
3314,株式会社白洋舎,4011001018621,348.81,G列,16.3,348.81億円（2025年12月期・単体）,"○ 妥当：2025年12月期単体売上高34,881百万円＝348.81億円。桁検算一致（§6-1）。同期の連結は上期216.49億円・通期予想440億円規模で、上場親会社のため連結でも300億超。単体・連結いずれでも判定不変。なお正式商号は「株式会社白洋舍」（舍）。"
1810,丸高株式会社,8180001032694,349.0,I列(訂正),16.3,372億円（2025年・単体）,○ 妥当（G列訂正：349億円（2024年6月期・単体）・自社HP会社概要）：G列の「372億円（2025年・単体）」は承認ソースで再現できない。自社HP会社概要が公表するのは「売上高349億円（2024年6月期実績）」で決算期は6月期。H列出典の厚労省ハローワーク求人はURLがトップページのみで実体がなく求人票の自己申告値。本パスで再検索しても自社HPの最新掲載は2024年6月期349億円のまま
538,株式会社巴コーポレーション,9010001034839,349.51,G列,16.5,349.51億円（2026年3月期・連結）,"○ 妥当：2026年3月期の連結売上高349.51億円（前期比0.8%増、営業利益47.59億円）を決算短信ベースで確認。G列と一致。東証スタンダード上場（1921）の親会社なので連結値の採用で問題なし。ただし300億超の余裕が約50億しかなく薄い。検証途中で「35,552百万円」が返ったが、これは別法人・株式会社巴川コーポレーション（3878）の混入で本件とは無関係。"
1710,石塚硝子株式会社,4180001088187,349.99,G列,16.7,349.99億円（2026年3月期・単体）,○ 妥当（出典訂正）：1次が根拠にした日経記事は2025年10月付で2026年3月期の実績ではなかった。2026年3月期決算短信（日本基準・連結）で連結売上高595.1億円（前期比+6.3%）・営業利益41.6億円（+8.1%）を実績値として確認。石塚硝子は独立上場親会社のため§3-3により連結値で基準クリア。G列の単体349.99億円（2026年3月期・EDINET有報）も300億超のため判定不
3746,株式会社セレマ,2130001021294,351.47,G列,17.2,351.47億円（2025年7月期・単体）,"○ 妥当：2025年7月期売上高351億4,700万円（＝351.47億円）を自社HP会社概要掲載の決算（損益計算書）で確認。株式会社セレマはセレマグループ最上位の事業会社（親会社）で§3-3の子会社に該当せず。ただし300億基準に対する余裕が約51億と薄く、単体/グループの別は自社掲載の表記に依存するため、次期（2026年7月期）公表時に再確認を推奨。"
2297,株式会社ハンズマン,9350001008222,352.0,G列,17.3,352億円（2026年6月期・単体）,"○ 妥当：株式会社ハンズマン（東証スタンダード7636・非連結／親会社なし）。2026年6月期売上高352億5,100万円（前期比1.0%増・過去最高、経常15.29億円、純利10.55億円）を自社IR決算短信ページおよび宮崎日日新聞（決算期・売上高明記＝§3-4の新聞社ソース）で確認。単体決算のみの会社で連結混同の余地なし。G列「352億円（2026年6月期・単体）」は妥当（厳密値352.51億"
3053,株式会社はるやまホールディングス,1260001005475,352.0,G列,17.3,352億円（2026年3月期・連結）,"○ 妥当：2026年3月期決算短信〔日本基準〕（連結）売上高352億1,200万円を自社HP掲載PDFで確認。G列352億円と整合。東証上場のホールディングス（7416）でグループ連結300億超のため可（§3-3、2026/08/24濱本さん再確認）。ただし前期比2.6%減収、営業損失6億5,700万円・当期純損失10億9,400万円と減収赤字基調で、300億基準まで余裕約52億円。次期の割れを要"
2111,名菱テクニカ株式会社,9180001018453,353.0,G列,17.7,353億円（2025年度・単体）,"○ 妥当：三菱電機グループの子会社だが、自社HP「会社情報｜概要・沿革」が対象法人自身の売上高353億円（2025年度）を開示。従業員1,009名（2026年4月現在）・資本金6,000万円・本社名古屋市東区矢田南で、法人番号9180001018453の愛知県法人と一致（§6-2照合OK）。子会社単体で300億超。"
1510,株式会社ナガワ,7430001056297,353.85,G列,18.0,353.85億円（2026年3月期・単体）,"○ 妥当（G列要注記）：金額シード検索で35,385百万円は再現できず、確認できたのは2026年3月期の通期計画380億円（前期比+7.7%→2025年3月期実績≒352.8億円）、同期Q1売上80.1億円、Q3累計進捗率67.9%（≒258億円）。ただしH列の短信URL auto_20260513531169 は同社の実URL命名規則（2025/5/15通期=20250514…、Q1=20250"
633,株式会社カンセキ,8060001001208,354.7,I列(訂正),18.2,365億円（2025年2月期・単体）,○ 妥当（G列訂正：最新期は354.70億円〈2026年2月期・非連結＝単体〉）：反証検索で第52期＝2026年2月期決算短信〔日本基準〕(非連結)（2026/4/9開示）の売上高354億70百万円・営業利益5億29百万円・前期比▲3.0%を取得。逆算すると前期は約365.7億円でG列の365億円（2025年2月期）と一致するが、G列は1期古い。最新期でも300億超のため架電可。東証スタンダード9
3759,株式会社ＫｅｙＨｏｌｄｅｒ,1010001110481,356.3,G列,18.8,356.30億円（2025年12月期・連結売上収益）,○ 妥当：2025年12月期連結売上収益356.30億円（前期比14.6%増）を決算関連開示で再現確認。筆頭株主はJトラスト30.05%（2025年6月末）だが、2023年12月の株式一部譲渡で同社の連結子会社から持分法適用関連会社へ異動しており§3-3の子会社に該当しない前提で連結採用。300億基準への余裕が約56億と薄く、支配関係の変動があれば単体判定に切替が必要。
894,大和地所レジデンス株式会社,6010401033848,356.36,I列(訂正),18.8,356.36億円（2026年3月期・単体）,"○ 妥当（G列訂正：第35期356.36億円は3クエリ探索しても承認ソース・一般検索のいずれでも再現せず、期・金額とも要再確認）。自社電子公告／官報決算公告で裏付けが取れる直近は第34期(2024/4/1〜2025/3/31)売上高538億9,071万2千円、第33期528.95億円。第35期公告が未収録の可能性も残るが、1次値が誤りである疑いは消えない。株式会社・出典は自社HP電子公告で承認ソー"
3933,ハルナグループホールディングス株式会社,7070001009523,357.0,G列,19.0,357億円（2026年3月期・連結）,○ 妥当（§6-7 商号変更あり）：自社会社概要で2026年3月末の連結売上高357億円を確認。持株会社のため§3-3によりグループ連結値でOK。整合性も確認済（ハルナプロデュース2024年3月期連結342.31億円→上毛新聞2026/2/19『4〜12月期 売上高・利益ともに過去最高更新』）。※商号変更：ハルナビバレッジ株式会社→ハルナグループホールディングス株式会社（2026年）。リストの社名
402,株式会社テイクアンドギヴ・ニーズ,9010701022696,357.09,G列,19.0,357.09億円（2025年12月期・連結）,"○ 妥当：2025年12月期連結売上高35,709百万円＝357.09億円を決算短信（2026年2月13日開示）で確認。上場親会社で連結採用は適正。★注記：決算期変更に伴い当期は2025年4月1日〜12月31日の9か月変則決算（従来は3月期）。9か月で357億円のため年換算では余裕があるが、採用値自体は300億を57億上回るのみ。"
437,第一稀元素化学工業株式会社,8120001031181,357.51,G列,19.2,357.51億円（2026年3月期・連結）,○ 妥当（反証試行・維持／薄マージン）：独立の再検索で2026年3月期連結売上高357.51億円（前期比+6.3%）・営業利益34.79億円（同+52.4%）が再現され、決算短信は2026年5月14日開示、開示番号140120260513528057と一致。前期換算336.3億円とも整合し前年度値の掴まされではない。東証プライム上場の独立親会社（4082、上位に支配株主なし）のため§3-3により連
979,株式会社ユニホー,9180001003141,358.63,G列,19.5,358.63億円（2025年第55期・単体）,"○ 妥当（出典訂正・要§7-1確認）：判定は覆らず。第55期決算公告の売上高358億6,2xx万円＝約358.63億円（単体）を独立2クエリで再現、前期比+0.61%＝前期も約356億で300億超のため反転リスクは小。ただし1次H列の出典 https://www.uniho.co.jp/company/ は存在せず、自社HP（会社概要/office/、採用company.html）に売上高の記載は"
2090,セキスイハイム九州株式会社,7290001025218,359.0,G列,19.7,359億円（2026年3月期・単体）,○ 妥当：積水化学工業グループの子会社だが、自社HP企業情報が単体359億円／連結549億円（いずれも2026年3月実績、連結対象はセキスイファミエス九州・九州セキスイハイム不動産）と単体連結を分けて開示。G列は正しく単体359億円を採っており§3-3・§6-4の誤りなし。従業員600名（2026年4月現在）。
833,アスカ株式会社,1180301013673,360.03,G列,20.0,360.03億円（2025年11月期・単体）,"○ 妥当：上場親会社（7227・名証、愛知県刈谷市、法人番号1180301013673一致）。36,002,692千円＝360.03億円の桁検算OK。2025年11月期の連結売上高は会社計画450億円規模で、単体360.03億円と整合し連結・単体いずれでも300億超。基準に対する余裕は60億で薄めのため次期決算で再確認推奨。"
572,株式会社柿安本店,7190001012102,360.72,G列,20.2,360.72億円（2026年4月期・連結）,"○ 妥当：株式会社柿安本店（東証2294）。2026年6月10日開示の2026年4月期決算短信〔日本基準〕（連結）で連結売上高36,072百万円＝360.72億円（前期比0.1%減）を確認。桁検算済み（36,072百万円→360.72億円）。上場親会社のため§3-3により連結採用可。ただし基準300億に対し約60億の薄マージンで、単体値は未確認。"
17,株式会社合食,3140001012993,360.92,G列,20.3,360.92億円（2026年3月期・単体）,○ 妥当。みなと新聞(みなと山口合同新聞社=新聞社ソース、§3-4④)で「2026年3月期・単体・売上高360億9200万円(前期比6.7%減)」を確認、G列360.92億円と一致。決算期・単体の別も一致。株式会社・独立系親会社で単体300億超のため○で正しい。※H列記載の記事URL(163557)自体は検索結果に現れなかったが、同紙の合食決算記事連番(23年3月期134332/24年3月期144
834,株式会社デンソー宮崎,4350001004184,361.0,G列,20.3,361億円（2024年度・単体）,○ 妥当：デンソー100%子会社だが単体361億円（2024年度実績・従業員590名/2025年3月末）で300億超。自社HP会社概要（denso.com/group/denso-miyazaki/company-profile/about-company/）の記載内容と一致し、承認ソース要件を満たす。デンソー連結（約7兆円規模）を当てた形跡はなく、単体採用も正しい。判定○は妥当で架電してよい。な
1163,株式会社メガチップス,9120001058777,361.69,G列,20.6,361.69億円（2026年3月期・連結）,"○ 妥当：自社IRおよび日経で2026年3月期連結売上高36,169百万円＝361.69億円（前期比14.5%減）を再現確認。桁検算一致。同社は東証上場の親会社であり連結値の採用は§3-3で可。■注意：採用値450億円未満のうえ前期比14.5%減の減収基調で、営業損失17.4億円を計上。次期に300億を割る可能性があるため、期をまたぐ架電では再確認が必要。"
1541,中京テレビ放送株式会社,1180001008775,361.9,G列,20.6,361.90億円（2026年3月期・単体）,○ 妥当：2026年3月期売上高361.90億円（前期比+2.4%）を自社の決算発表資料で再現確認。持株会社を持たない独立局で親子判定の問題なし（日テレHDは少数株主）。法人格も株式会社。ただし採用値が450億円未満で基準300億との差が約62億円と薄いため、G列の数値を書き換える際は必ず通期（中間期ではない）値を使うこと。
1085,京都トヨタ自動車株式会社,4130001012168,362.0,I列(訂正),20.7,353億円（2023年度・単体）,○ 妥当（G列訂正：最新値は売上高362億円・2024年度〈2025年3月期〉。G列の『353億円（2023年度）』は1期古い）。自社HP会社案内 https://kyoto-toyota.jp/corporate の実在を確認。従業員520名（2025年4月1日現在）。単体362億円は基準300億を満たし、トヨタ販売店としての親子関係がどちらであっても単体で基準を超えるため親子判定は結論に影響し
2151,株式会社ヨシダ,4010501014675,362.6,G列,20.9,362.6億円（2025年7月期・単体）,○ 妥当（反証検索で数値確定）：自社ドメイン限定（yoshida-dental.co.jp）の再検索で「ビジネスデータ」ページの2025年7月期 売上高362.6億円／自己資本比率67.7%／当座比率189.1%が再現され、1次値は確定。歯科総合商社でヨシダグループ（12社）の中核＝親会社にあたるため、§3-3上は単体でもグループ連結でも300億円超で可。§3-8の直近3期以内も充足。300億円へ
1464,モロゾフ株式会社,2140001002665,362.73,G列,20.9,362.73億円（2026年1月期・連結）,"○ 妥当：2026年1月期（第96期・2026/3/13公表）通期連結売上高363億円が確認でき、36,273百万円＝362.73億円と整合。東証上場の親会社のため連結採用可（§3-3）。H列PDF名が""hanki""だが公表日・金額とも通期決算短信と一致。ただし採用値は450億円未満で基準に近い。"
3228,ＳＣＳＫサービスウェア株式会社,3010401051200,363.57,G列,21.2,363.57億円（2026年3月期・単体）,"○ 妥当：SCSK株式会社の連結子会社だが、対象法人“単体”の2026年3月期（第44期）売上高363.6億円（前期355億円、従業員4,701名）を確認。G列36,357百万円＝363.57億円と整合、桁検算済み（§3-3クリア）。自社HPに第44期決算公告PDFの掲載も確認。ただし本検証で数値を再現できたのは求人系の二次情報が中心で、公告PDF本文までは未読のため数値の一次確認は残る。300億"
222,東芝デバイス株式会社,4020001071266,364.53,G列,21.5,364.53億円（2026年3月期・単体）,○ 妥当（金額未再現・余裕が薄い）：出典ドメインwww3.toshiba.co.jp/tdecが東芝デバイス株式会社（東芝デバイス&ストレージの販売会社／本社 川崎市幸区堀川町580 ソリッドスクエアビル西館／資本金5億円／決算期3月）であることを確認、法人番号4020001071266（神奈川）と整合し、同名の東芝デバイスソリューション株式会社（川崎市幸区小向東芝町1・設立1981年・従業員68
1991,株式会社玉越,4180001000754,365.0,G列,21.7,365億円（2026年2月実績・単体）,○ 妥当（2次検証で再現確認済）：自社HP会社概要 https://www.tamakoshi.com/company/profile/ の「売上高365億円（2026年2月実績）」を独立検索で再現。従業員243名（2026年3月1日現在）も一致し、ページは最新。設立1983年・資本金1億円・名古屋市守山区。株式会社で、当社自身がグループの中核会社のため§3-3の子会社制約に該当しない。基準300
819,株式会社ビケンテクノ,5120901008067,365.05,I列(訂正),21.7,300.99億円（2026年3月期・単体）,"○ 妥当（G列訂正：連結365.05億円（2026年3月期）を採用すべき）：G列の単体300.99億円（30,099,473千円）は基準300億をわずか0.99億円＝0.33%しか上回らず、単体だけを根拠にすると極めて危うい。同社は東証スタンダード上場（9791）の親会社であり§3-3により連結採用が可能で、2026年3月期の連結売上高は365億500万円（前期比+5.29%）。連結値なら余裕をも"
455,株式会社アイエイアイ,4080001007512,366.0,G列,22.0,366億円（2024年・単体）,"○ 妥当（G列補正）：正しくは366億6,000万円（2024年12月期・単体）。静岡県公式「しずおか就職net」企業情報（公的機関＝承認ソース§3-4の3）および同社の環境経営レポート2025年度版（エコアクション21、2026年3月発行）で確認。従業員1,452名（2025年4月時点）。2024年12月期は直近3期以内だが、最新の2025年12月期の数値は承認ソースで未確認。300億に対する余"
3102,株式会社モリキ,5100001011907,366.0,G列,22.0,366億円（自社HP現行値・単体）,"○ 妥当（要注記）：自社HP会社概要（moriki-group.info/corporate-info/）に売上高366億円の記載を確認。会社概要欄に資本金2,500万円と並記された自社データであり、グループ合算値との注記はないため単体値として読める。親子判定：モリキは2003年に株式会社富士薬品と資本業務提携し現在も富士薬品グループ会社一覧に掲載される子会社であるため§3-3により単体300億以"
1058,株式会社アイネス,2020001030067,366.16,G列,22.1,366.16億円（2026年3月期・連結）,"○ 妥当（G列は正しいことを確認）：2026年3月期の連結売上高36,616百万円＝366.16億円を検索で直接再現（前期比▲9.7%、営業損失6億47百万円、経常損益▲4億6,000万円）。1次が「承認ソース未達」としていた点について、自社IRの決算短信一覧ページ（ines.co.jp/ir/tanshin.html）の実在を確認したため出典はここへ差し替え可能。東証上場の親会社で連結採用可、決"
921,ヤマザキビスケット株式会社,2011101021444,366.32,I列(訂正),22.1,345.87億円（2024年・単体）,○ 妥当（G列訂正：366.32億円（2025年12月期・単体）が正。営業利益33.39億円。親会社・山崎製パンの公式サイトに掲載された2026/2/6付「決算公告」で確認）。G列の「345.87億円（2024年・単体）」は1期古く数値も相違するため要更新。山崎製パンの子会社のため単体判定だが、366.32億円で300億超は維持され判定は○のまま。ただし300億まで約66億円しか余裕がなく、期によ
1396,株式会社宝幸,6010701019753,367.0,G列,22.3,367億円（2026年3月期・単体）,○ 妥当：自社HP会社概要で2026年3月期（2025年4月1日〜2026年3月31日）売上高367億円を再現確認。ニッポンハム（日本ハム）グループの子会社だが、§3-3の要求どおり単体367億円で300億以上のためOK（グループ連結値は不使用）。決算期は最新期で鮮度問題なし。採用値450億円未満のため薄マージン。
1924,株式会社日本財託,9011101016421,367.2,G列,22.4,"367億2,000万円（2025年9月期・単体）","○ 妥当：自社HP会社概要で2025年9月期の連結売上高433億7,400万円と、その内訳の日本財託（単体）367億2,000万円・日本財託管理サービス65億5,000万円・Beans Trust賃貸保証2億5,600万円を確認。対象法人は日本財託グループの親会社で単体でも300億円超。2026年9月期は未了のため2025年9月期が最新（§3-8適合）。ただし単体は基準まで67億円しか余裕がなく、"
2893,中部水産株式会社,3180001022262,367.61,I列(訂正),22.5,361.46億円（2024年3月期・単体）,"○ 妥当（G列訂正：最新は2026年3月期の単体〔非連結〕売上高367億6,092万円＝367.61億円〔2026/5/15決算短信〕。G列の361.46億円・2024年3月期は古い値で、+1.7%の前期＝2025年3月期の数値とも紛らわしい）。名古屋市中央卸売市場の卸売業者で上場〔8145〕、単体決算のため§3-3は問題なし。基準比+22%で余裕は薄い。"
143,株式会社北電子,1013301016233,368.0,G列,22.7,368億円（2025年3月期）,○ 妥当：自社HP企業情報の売上高368億円（2025年3月期）を確認。北電子ホールディングスの子会社だが、当社自体の売上高368億円が300億以上のため§3-3をクリア（グループ連結流用ではない）。※2026年3月期は自社サイト未更新で直近3期以内の判定。売上は2023/3期354億→2024/3期442億→2025/3期368億と期による振れが大きく、450億未満の薄マージン。
1573,株式会社東洋シート,6120001067789,368.0,G列,22.7,368億円（2025年度・単体）,○ 妥当（親子判定を訂正：1次の「上場親会社」は誤り）。当社は未上場で、株式会社TOYO H&I（2019年設立の持株会社）が株式を保有する子会社。2026年8月にタチエス(7239)が新設「タチエス トーヨー グループホールディングス」を子会社化し当社もその傘下に入った（2026/4/10適時開示）。§3-3により単体300億以上が要件。TOYO H&Iは東洋シートとToyo Seat USA/
3684,株式会社北電子ホールディングス,4013301022096,368.0,G列,22.7,368億円（2025年3月期・グループ）,○ 妥当：自社ドメイン内の採用サイト（§5-3-9の承認ソース）で北電子グループ売上高が2023年3月期354億円／2024年3月期442億円／2025年3月期368億円と確認でき、G列の368億円（2025年3月期）と一致。持株会社のため§3-3によりグループ値でOK。ただし①368億円は300億に対し余裕が小さい、②『グループ売上高』であり連結か単純合算かの明示がない、③2026年3月期の値が
855,アグレ都市デザイン株式会社,8012401019024,368.39,G列,22.8,368.39億円（2026年3月期・単体）,"○ 妥当：上場親会社（3467）。36,838,540千円＝368.39億円の桁検算OK（2026年3月期・単体）。同期の連結売上高369.75億円（前期比20.3%増、決算補足説明資料）とほぼ一致し整合。ただし基準300億に対する余裕は68億と薄く、住宅市況次第で基準割れの可能性があるため次期決算で再確認推奨。"
597,アイコム株式会社,1120001019349,369.59,G列,23.2,369.59億円（2026年3月期・連結）,"○ 妥当：アイコム株式会社（東証プライム6820／大阪市平野区）。2026年3月期の連結売上高36,959百万円＝369.59億円（前期比30.7%増）を自社IR決算資料で確認。桁検算済み（36,959百万円→369.59億円）。上場親会社のため連結採用可。ただし基準300億に対し約70億の薄マージンで、単体値は連結を下回るため単体基準では未確認。同社IRには子会社決算公告ページもあり。"
479,旭化成住工株式会社,5160001010473,370.0,I列(訂正),23.3,370億円（2025年度・単体）,○ 妥当（G列訂正：370億円→354億円（2025年3月期・単体））：株式会社。旭化成ホームズの子会社だが単体で300億超のため§3-3を満たす。G列の「370億円（2025年度）」は金額をシード指定してもどの系統からも再現されず、1次と今回の独立2系統がともに「354億円（2025年3月）」を返した。370億は1次値の誤りと判断し、354億（2025年3月期・単体）に訂正する。354億でも30
2003,株式会社ライオン事務器,1122001014313,370.22,G列,23.4,370.22億円（2025年9月期・連結）,"○ 妥当（2次検証で再現確認済）：2025年9月期決算短信（2025年11月14日開示・東証スタンダード 証券コード423A）で連結売上高370億22百万円（前期比+6.1%）、営業利益11億89百万円、経常利益12億75百万円、親会社株主帰属当期純利益9億12百万円を独立検索で完全再現。桁検算OK（37,022百万円＝370.22億円）。独立系の上場親会社のため§3-3で連結採用可。2026年9"
1799,北雄ラッキー株式会社,4430001015181,371.99,G列,24.0,371.99億円（2026年2月期・単体）,"○ 妥当：北雄ラッキー(株)【2747・東証スタンダード】は独立系上場親会社。2026年2月期 売上高371億9,900万円（非連結＝単体、37,199,649千円）を確認。流通スーパーニュース（372億円・0.8%増）および日本経済新聞の26年2月期決算記事とも一致。G列の桁・決算期・単体表記いずれも正。ただし採用値371.99億円は基準300億円に近く（+24%）、来期減収時は要再判定。"
1868,株式会社リョーキ,9240001012607,372.0,G列,24.0,372億円（2025年6月期・単体）,"○ 妥当：自社HP会社概要の売上高372億円（2025年6月決算）・従業員1,100名（2025年6月現在）・自己資本255億円・設立1965年9月13日を独立に再現。広島市西区大芝の建設機械レンタル業で所在地・事業内容が一致し、法人番号9240001012607で同名他社（例:3180301032977）との取り違えなし。前回の持株会社懸案は決着：株式会社リョーキホールディングス（法人番号524"
2007,泉株式会社,8120001059611,372.0,G列,24.0,372億円（2025年10月期・連結）,○ 妥当：2025年10月期の連結売上高372億円（連結取扱高532億円、連結経常利益55.9億円、連結従業員686名）を自社HP会社概要／会社案内PDFで確認。商社のため取扱高532億円と売上高372億円が併記されるが、G列は正しく「売上高」を採用しており§3-7に適合。対象法人は約20社のグループ会社を統括するヘッドクォーター機能を持つ親会社であり、§3-3により連結300億超でOK（単体13
3401,株式会社アペックス,5010001010216,372.0,I列(訂正),24.0,372億円（2025年12月期・グループ）,○ 妥当（G列訂正：372億円は単体でなく合算値。ただし重い残疑あり、架電前の再確認を推奨）。①自社HPグループページの注記「株式会社アペックスの社員数・売上高はアペックス西日本を含んだ数字です」を独立に再確認。372億円は対象法人単体ではなくアペックス＋アペックス西日本の合算値であり、§3-3の「親会社ならグループ値で可」を前提にしてのみ成立する。基準300億に対する余裕は+24%しかなく、アペ
3478,株式会社アペックス,1180001092373,372.0,G列,24.0,372億円（2025年12月期・グループ）,"○ 妥当：法人番号1180001092373＝愛知県大府市柊山町の株式会社アペックス（設立1963年2月・資本金5,000万円）で自社サイトの主体と一致。会社概要の売上高372億円は2025年12月末時点でアペックス西日本を含むグループ合算値。対象はアペックスグループの中核親会社のため§3-3で可。単体値は非開示のため、親会社であることが前提の可。"
3456,株式会社北海道新聞社,3430001022088,372.97,I列(訂正),24.3,372億円（2025年3月期・単体）,"○ 妥当（G列訂正：372.97億円（2025年3月期・単体）が正確）：自社プレスリリース「2025年3月期決算等について」（2025年6月3日）で売上高372億9,700万円・前期比1.3%増、経常利益19億2,500万円・3期ぶり増益を確認。G列の「372億円」は切り捨て表記。株式会社北海道新聞社（法人番号3430001022088）は親会社で単体値採用のため§3-3問題なし。2025年3月期"
339,株式会社光岡自動車,8230001003153,373.0,G列,24.3,373億円（2025年12月期・連結）,○ 妥当：光岡自動車グループの親会社のため連結値採用可。2025年12月期 単体321億円／連結373億円を自社サイト会社情報で確認、G列と一致。ただし連結でも373億円、単体は321億円と300億に近い薄マージン。従業員は単体485名／国内グループ601名（2025年12月末）。
798,マーレジャパン株式会社,8013301007523,373.0,G列,24.3,373億円（2024年度・単体）,○ 妥当：自社サイト（MAHLE Japan公式）で2024年度実績 売上高373億円・従業員890名（2025年12月時点）を再現確認。独MAHLE GmbHの子会社だが単体373億円≥300億のため§3-3の子会社要件を充足。ただし採用値は450億未満で基準までの余裕が小さく、決算期表記が「2024年度」で最新期への更新有無は要注視。
2190,株式会社三徳,6011101007919,373.0,G列,24.3,373億円（2025年2月期・単体）,○ 妥当（数値未再現・原典確認を強く推奨）：法人番号6011101007919は新宿区の食品スーパー三徳で公式サイトsantoku.co.jpと一致。レアアースの株式会社三徳（santoku-corp.co.jp）・三徳商事とは別法人で§6-2の取り違えなし。2026年7月現在34店舗で事業継続中。ただしG列の373億円（2025年2月期）はドメイン限定を含む3回の再検索でも承認ソースから再現でき
1264,クリエイト株式会社,7120001042923,373.23,G列,24.4,373.23億円（2026年3月期・連結）,"○ 妥当：上場の親会社（3024）。2026年3月期決算短信（2026/5/15開示）の存在を確認、連結売上高37,323百万円＝373.23億円（桁検算OK）。同期第3四半期累計279.81億円（+2.5%）とも整合し、通期373億円は妥当。300億超だが余裕は約73億円と薄いため、期ずれや基準変更には要注意。"
1781,株式会社中村屋,6011101015442,373.51,G列,24.5,373.51億円（2026年3月期・単体）,"○ 妥当：2026年3月期決算短信（日本基準・非連結）で売上高373億51百万円（前期比+0.3%）、営業利益13億24百万円（+23.7%）を再現確認。37,351,144千円＝373.51億円の桁検算一致。東証上場（2204）の親会社で、連結子会社を持たない非連結決算のため単体値の採用が正当（§6-4の取り違えなし）。採用値373.51億円は450億未満のため薄マージン行として計上。"
1995,株式会社ヨンキュウ,5500001015561,374.78,G列,24.9,374.78億円（2026年3月期・単体）,"○ 妥当：桁検算OK（37,478,146千円＝374.78億円）。東証スタンダード上場9955の独立系親会社で、§3-3の子会社制約に該当しない。2026年3月期決算短信（2026年5月7日）で連結売上高476.76億円（前期比+6.2%）を確認しており、単体374.78億円との大小関係も整合。単体・連結いずれでも300億基準を満たす。出典のgBizINFO掲載EDINET有報は承認ソース。"
3667,株式会社カーブスホールディングス,5070001005771,375.66,G列,25.2,375.66億円（2025年8月期・連結）,"○ 妥当：2025年8月期連結売上高375.66億円（37,566百万円）。会社公表の2026年8月期予想413億円・前期比+9.9%から逆算しても375.7億円前後で整合し、決算期も一致。東証プライム上場の親会社（7085）のため連結値採用は§3-3に適合。ただし300億基準に対する余裕は約76億円と薄い。"
12,綿半ソリューションズ株式会社,4100001025387,376.34,G列,25.4,376.34億円（2026年3月期・単体）,"○ 妥当：出典が綿半HDの有価証券報告書「関係会社の状況」＝承認ソース②で、子会社単体値を親の連結値と取り違えていない（§6-4クリア）。綿半HDの2026年3月期連結売上高が1,354.51億円であること、および綿半ソリューションズが「売上高（内部売上高を除く）の連結売上高に占める割合が10%超」の関係会社として有報に記載されていることを確認でき、単体376.34億円という規模感と矛盾しない。単"
1698,株式会社松屋,1010001034945,377.35,G列,25.8,377.35億円（2026年2月期・単体）,"○ 妥当（G列裏取り完了）：2026年2月期決算短信で連結売上高457億600万円（前期比▲5.0%）と百貨店業セグメント377億4,100万円を確認。G列の単体377.35億円＝37,735百万円はセグメント37,741百万円と別値であり、単体値として整合する。1次が挙げた単体/セグメント混同の疑いは解消。松屋は独立上場親会社のため連結457.06億・単体377.35億のいずれでも基準クリアで判"
827,株式会社野嵩商会,3360001009464,378.0,G列,26.0,378億円（2025年3月期・単体）,○ 妥当：株式会社・独立系（親子関係なし）で、378億円（2025年3月期）は自社HP会社概要のほか流通専門メディア記事でも同一決算期・同額が再現でき単体値として整合。ただし基準300億に対する余裕は78億と薄く、最新期（2026年3月期）は未公表のため次回更新時に再確認推奨。
963,東京製綱株式会社,7010001034997,379.71,G列,26.6,379.71億円（2026年3月期・単体）,"○ 妥当（G列訂正の疑い）：反証を試みたが判定は覆らず。東証プライム上場（5981）の親会社であり§3-3で連結採用可。連結は2026年3月期中間303.6億円・通期予想640億円（2025/11/12開示の第2四半期決算短信／決算説明会資料）で300億を大きく超過するため○は堅い。一方G列の単体379.71億円（37,971百万円）は金額をシードした検索でも承認ソースから一度も再現できず、1次J"
2009,株式会社ムラサキスポーツ,1010501033760,380.0,G列,26.7,380億円（2026年3月期・単体）,"○ 妥当：自社HP会社情報に2026年3月期の年商380億円、従業員2,036名（2026年3月31日現在）と明記。ムラサキホールディングス（2012年4月設立）の子会社だが対象法人自身の値であり単体380億円で§3-3を満たす。決算期は最新（§3-8）。法人番号1010501033760がgBizINFOの株式会社ムラサキスポーツ（東京都台東区上野）と一致（§6-2）。連結・グループ値の流用なし"
3297,株式会社日新,2270001003832,380.0,G列,26.7,380億円（2026年3月末実績・単体）,○ 妥当：日新ホールディングス株式会社傘下の子会社（鳥取県境港市・合板製造、国内シェア約3割）だが、採用値380億円は同社単体値のため§3-3を充足。グループ連結は726億円（2025年3月期）・835億円（2024年3月期）で、380億円がグループ値ではないこと、および上限チェック（380<726）の整合を確認。ただし380億円自体は自社グループサイトの当該社ページ以外で再現できず、数値の再確認
3468,三友通商株式会社,9290001041205,380.0,G列,26.7,380億円（2026年3月末・グループ）,"○ 妥当：法人番号9290001041205＝三友通商株式会社（福岡県筑紫野市）で一致。三友グループの中核親会社。自社採用ページには「グループ合計 従業員1,503人・年商368億円（2025年3月末現在）」の記載で、G列の380億円（2026年3月末）も同種のグループ合算値。いずれも300億超で判定不変。単体値は非開示のため親会社前提での可。"
1110,東洋埠頭株式会社,7010001034865,380.79,I列(訂正),26.9,380億円（2026年3月期・連結・営業収益）,"○ 妥当（G列訂正：380.79億円と小数まで確定）。2026年3月期の連結営業収益38,079百万円＝380.79億円（前期比+8.49%）、親会社株主に帰属する当期純利益14.66億円（+30.43%）を確認し、G列の380億円と整合（3,807,900万円→380.79億円で桁検算済み）。親子判定を反証側から当たったが、東洋埠頭を連結子会社とする親会社は検出されず、2023年10月に東証プラ"
3416,株式会社山田製作所,9070001016708,381.0,I列(訂正),27.0,381億円（2026年4月1日現在・単体）,"○ 妥当（G列訂正：決算期表記。正しくは「381億円（2025年度実績・単独）」。G列の『2026年4月1日現在』は自社会社概要の掲載基準日であって決算期ではない）：株式会社山田製作所（群馬県桐生市広沢町1-2757、法人番号9070001016708）。自社会社概要PDFで売上高381億円（2025年度実績）・資本金20億円・従業員1,250名（2026年3月末現在）・四輪/二輪機能部品を再現確"
4178,ＤＮホールディングス株式会社,8010001219795,381.0,I列(訂正),27.0,369.7億円（2025年6月期・連結）,○ 妥当（G列訂正：最新期は2026年6月期・連結381億円。G列の『369.7億円（2025年6月期・連結）』は前期値）：反証検証で2026年6月期通期実績（2026年8月開示）を確認。連結売上高381億円・前期比2.9%増（369.75×1.029≒380.5で桁検算一致）、連結子会社の橋梁耐震補強設計業務の誤り発覚に伴う完成業務補償引当金計上で営業減益。同社が2026/8/26にTDnetで
3367,コムチュア株式会社,3010701015193,381.09,G列,27.0,381.09億円（2026年3月期・連結）,"○ 妥当：東証プライム上場（3844）で、持株会社移行（コムチュアHD化）は確認されず商号は「コムチュア株式会社」のまま＝親会社のため連結値採用可（§3-3）。2026年3月期連結売上高38,109百万円＝381.09億円を、通期決算報道および中間決算短信（上期186.52億円・+4.8%）と整合確認。ただし基準300億に対し余裕約27%で薄い。"
2865,ＩＣＤＡホールディングス株式会社,2190001006257,381.81,G列,27.3,381.81億円（2025年3月期・連結）,"○ 妥当：2025年3月期連結売上高38,181百万円＝381.81億円。2026年3月期第1四半期決算短信の通期予想「385億円（前期比0.8%増）」から逆算した前期実績381.8億円と整合し、数値を再現できた。持株会社のため§3-3で連結値OK、§3-8の直近3期内。ただし基準比+27%で余裕は薄く、2026年3月期実績の確認が望ましい。"
2186,株式会社長野県Ａ・コープ,8100001027883,382.0,G列,27.3,382億円（2024年3月期・単体）,"○ 妥当（G列訂正確定：379億円・2026年3月期・単体）：自社HP会社概要の最新掲載値が「売上高379億円・従業員2,100名（パート含む）・2026年3月現在・県内30店舗」であることを独立検索で再現し確認。G列の382億円（2024年3月期）は旧年度値のため訂正が必要。県内JAおよび全農の出資会社で子会社にあたるが単体379億円で300億超（§3-3適合、グループ値は不使用）。基準に対する"
3427,マルイ食品株式会社,9340001011838,382.0,I列(訂正),27.3,435億円（2025年度・単体）,"○ 妥当（G列訂正：正しくは「約382億円（2023年度＝2024年2月期・単体）」。G列の『435億円（2025年度）』は承認ソースで再現できず、金額シード検索でも一度も返らなかった）：マルイ食品株式会社（鹿児島県出水市、法人番号9340001011838）。マルイ農協グループ公式PDF「関連会社一覧」に資本金1億円・年間売上約382億円・従業員1,360名（2024年2月末）と明記。グループ連"
357,大塚化学株式会社,9120001077380,382.26,I列(訂正),27.4,813.01億円（2025年度・連結）,"○ 妥当（G列訂正：判定値は単体382.26億円（2025年度）を採用すべき。G列の813.01億円は大塚化学サブグループの連結値）：大塚ホールディングス傘下の子会社であり§3-3で連結値は使用不可。単体38,226百万円＝382.26億円で300億以上のため架電可否は○。連結は81,301百万円＝813.01億円。自社HP会社概要で確認。300億まで82億の薄マージン。"
16,アオイ電子株式会社,3470001000263,383.23,G列,27.7,383.23億円（2026年3月期・連結）,"○ 妥当：2026年3月期決算短信（2026年5月8日）の連結売上高38,323百万円＝383.23億円を確認でき、G列・H列の金額・決算期・連結の別・開示日、さらにH列のURLまで検索結果と完全一致。桁の検算も一致（38,323百万円÷100＝383.23億円）。内訳（集積回路33,874百万円＋機能部品4,445百万円＝38,319百万円、ほぼ一致）とも整合。上場企業・株式会社・承認ソース②（"
1104,鉄道情報システム株式会社,6011001029641,383.38,I列(訂正),27.8,383億円（2025年度・単体）,"○ 妥当（G列訂正：383.38億円（2026年3月期・単体）と桁まで確定）。1次の弱点＝383億と一致するのがマイナビ（禁止ソース§3-4）とcatr.jp（§7-1で承認可否が未確定）のみ、を解消した。gBizINFO（承認ソース§3-4③・§5-3⑦の公的機関）に前期2025年3月期の売上高354億円が掲載されており、これ単独で300億を超える。さらに2026年3月期383億3,800万円は"
342,セキスイハイム中部株式会社,9180001031803,383.5,G列,27.8,383.5億円（2025年度）,○ 妥当：積水化学工業100%子会社だが、自社HP会社概要（816chubu.jp/company/）に売上高383.5億円（2025年度）の記載があることを確認。承認ソース（自社公式サイト）に該当し、子会社単体300億以上の要件を満たす。判定○は妥当で架電してよい。留意点として300億をわずかに超える水準であり、採用媒体側では「セキスイハイム中部グループ」名義で同社を扱っているため、383.5億
1915,東洋メビウス株式会社,9010701017036,383.53,G列,27.8,383.53億円（2026年3月期・単体）,"○ 妥当：東洋製罐グループHD子会社だが自社HP企業情報ページ（実在確認）と採用『数字で見る東洋メビウス』（§5-3⑨）で単体売上高を開示。別途375億2,483万円という単体値も確認でき、G列383.53億円（＝38,353百万円、§6-1検算OK）は近接する別期の値として整合。全国22拠点・自社含む1,700台体制の物流会社として規模も整合。単体300億超でOK。"
2192,株式会社ハーモニック,2110001015042,384.0,G列,28.0,384億円（2025年度・単体）,○ 妥当（G列は訂正せず注記）：カタログギフト最大手（新潟県三条市・12月決算）で単体300億超は動かないため架電可否は○。ただしG列の384億円（令和7年度）は再検索でも承認ソースから再現できなかった。一方で流通する「2024年12月期477億円」はマイナビ・にいがた就職応援団ナビ等の禁止ソース由来で承認ソースの裏付けがなく、これへの差し替えは不可。いずれの値でも300億は超えるが、公式会社概要
2776,シン・エナジー株式会社,3140001020393,384.0,G列,28.0,384億円（2025年度・単体）,"○ 妥当：売上高384億円（2025年度）を確認。法人番号3140001020393がgBizINFOと一致（神戸市中央区御幸通8-1-6 神戸国際会館14階、代表取締役社長 乾正博、資本金5,000万円、従業員140名）。出典の自社HP会社概要ページも実在。再エネ発電・電力小売のため燃料市況で売上が振れやすく、採用値も450億円未満で300億基準に対するマージンが84億円と薄い点は留意。"
4381,株式会社タチヤ,3180001024325,384.0,I列(訂正),28.0,402億円（2025年・単体）,"○ 妥当（G列訂正：正しくは384億円〈2025年3月実績・単体〉。G列の「402億円（2025年・単体）」は承認ソースで再現できず）。自社サイト会社概要に「売上高384億円（2025年3月実績）／従業員939名（パート・アルバイト含む）／資本金3,000万円／愛知14・岐阜7・三重2の計23店舗」を確認。株式会社タチヤは株式会社バローホールディングスの子会社（バロー公式のグループ会社ページに掲載"
1806,株式会社伊藤工務店,8180001018891,385.0,G列,28.3,385億円（2025年5月期・単体）,○ 妥当（証跡訂正）：自社HP会社案内で「売上高385億円（2025年5月実績）」を再現確認。法人番号8180001018891をgBizINFOで照合したところ商号=株式会社伊藤工務店・所在地=愛知県名古屋市中川区小碓通2丁目25番地で、385億円を掲げる会社案内の所在地と完全一致し、全国に10社以上ある同名他社との取り違えなし。株式会社で法人格OK、独立系のため親子論点なし。※1次所見が同定根
531,株式会社ホギメディカル,2010401047109,385.31,G列,28.4,385.31億円（2025年3月期・単体）,"○ 妥当：東証3593・親会社。単体385.31億円（2025年3月期・有報提出会社）は直近3期以内で鮮度OK。最新の2026年3月期は第3四半期累計で連結売上高28,719百万円（前期比4.3%減）＝通期380億円規模の見込みで、いずれも300億超。ただし450億未満で減収基調のため、次期は再判定が必要。"
1744,ネッツトヨタ南海株式会社,2120101005545,385.34,G列,28.4,"385億3,400万円（2025年3月期・単体）","○ 妥当（反証検証済み）：自社HP企業情報を独立に再検索し、売上高385億3,400万円（2025年3月期）を代表取締役社長 久保尚平・設立昭和42年11月・従業員442名（2025年4月末）とセットで再現。トヨタ南海グループにはトヨタカローラ南海が別法人・別ページで存在し、385.34億は当該法人単体の値でグループ合算ではないことを確認。反証できず○維持。"
759,日本石油輸送株式会社,3010701012439,385.37,I列(訂正),28.5,323.35億円（2026年3月期・単体）,"○ 妥当（G列訂正：2026年3月期の公表値は連結売上高385.37億円（前期比+3.9%、2026年5月13日決算短信）。G列の323.35億円＝32,335百万円はgBizINFO（EDINET）掲載値で、2026年3月期の連結値としては再現できず、単体値または別期の値の可能性）：親子判定は、筆頭株主ENEOSホールディングスの持株比率が29.14%（2025年3月末）で50%未満のため子会社"
3104,株式会社バイク王＆カンパニー,4011001034569,385.74,I列(訂正),28.6,385億円（2025年度・単体）,"○ 妥当（G列訂正：385.74億円（2025年11月期・連結））：東証スタンダード上場3377の親会社で自ら連結決算を開示しているため連結判定可。2025年11月期の連結売上高385億7,400万円（前期比13.6%増）、営業利益5億8,500万円（同104.5%増）、経常利益8億2,900万円（同42.0%増）。G列の『2025年度・単体』は決算期表記と単体/連結の別が誤りで、正しくは2025"
1807,株式会社インテリックス,7011001032594,385.86,G列,28.6,385.86億円（2025年5月期・単体）,"○ 妥当（単体性を追検証）：(株)インテリックスは2025年12月1日の単独株式移転で(株)インテリックスホールディングスの完全子会社となったが、事業会社の商号・法人番号7011001032594は不変で架電先として現存。子会社のため§3-3により連結値は使用不可だが、EDINET有報の提出会社（単体）売上高38,586,322千円＝385.86億円（2025年5月期）で単体300億超。本パスで2"
2078,西川計測株式会社,1010401021428,387.19,I列(訂正),29.1,387.19億円（2025年6月期・単体）,○ 妥当（G列訂正：決算期・金額。387.19億円→452.20億円、2025年6月期→2026年6月期）：1次の387.19億円（2025年6月期・非連結）は正しいが1期前の値。自社IRに2026年6月期決算短信〔日本基準〕(非連結)（2026年8月7日開示）が存在し、売上高452億20百万円＝452.20億円（前期比+16.8%）、営業利益44億33百万円、経常利益47億13百万円（+20.3
887,株式会社学研ココファン,3010701020722,387.9,G列,29.3,387.90億円（2024年9月期・単体）,"○ 妥当：(株)学研ホールディングスの子会社だが、G列はグループ連結（学研グループ2025年9月期連結1,991億円）ではなく親会社有報「主要な損益情報等」の子会社単体38,790百万円＝387.90億円を採用しており§3-3充足。株式会社・桁検算済み。ただし採用が2024年9月期で、より新しい2025年9月期有報（2025/12/18提出済）が存在するため決算期の更新を推奨（直近3期内のため現時"
1426,ＳＦＩリーシング株式会社,8010401089509,388.22,I列(訂正),29.4,417.09億円（2025年3月期・単体）,"○ 妥当（G列訂正：期番号）：決算公告が貸借対照表のみで売上高を含まない可能性を疑ったが、官報収録の第14期決算公告に売上高388.22億円・資産合計1,174.27億円の記載があり、当社の決算公告に損益計算書が含まれることを確認（catr.jpは§7-1により証跡ではなく整合性照合にのみ使用）。採用値417.09億円は第14期388.22億円からの推移として整合。自社PDFは financial"
2728,日産部品近畿販売株式会社,8122001025064,388.9,I列(訂正),29.6,388.90億円（2025年度・単体）,"○ 妥当（G列訂正：数値・決算期の再確認を要す）：日産自動車系の子会社で、自社HP会社概要が当社単体の年間売上高を開示しているためソース種別は適法。ただし本検証では379億3,100万円および2023年度381億4,900万円という値が出て、G列の388.90億円（2025年度）を再現できなかった。いずれの値も300億は上回るため架電可否は○のままだが、400億未満で基準に近い水準であり、正確な期"
1756,株式会社スズキ自販福岡,5290001038337,389.0,G列,29.7,389億円（2026年3月期・単体）,"○ 妥当（G列訂正の疑い：数値・決算期）：G列の「389億円・2026年3月期」は反証側でも今回でも一度も再現できず、代わりに売上高351億円（2025年3月時点）・302億円（2024年3月時点）という整合的な時系列が返った（従業員493名＝2024年4月、資本金5,000万円）。389億は自社HPの最新更新値である可能性も残るが未確認。スズキ100%出資の直営ディーラー＝子会社だが、351億で"
1826,株木建設株式会社,7050001004071,389.0,G列,29.7,389億円（2025年5月期・単体）,"○ 妥当（出典を承認ソースへ差し替え）：売上高389億6,281万円（2025年5月期＝第87期・単体、従業員363名・資本金27億円）を確認。1次は数値提示元がマイナビ（禁止ソース）だったが、本パスで自社HPのIRニュースに第87期（令和7年5月期・自令和6年6月1日至令和7年5月31日）決算公告の掲載を確認。資本金27億円＝会社法上の大会社で損益計算書も公告対象のため、売上高は自社決算公告（承"
848,サンヨーホームズ株式会社,3120001039510,389.19,G列,29.7,389.19億円（2026年3月期・単体）,"○ 妥当：上場親会社（1420）。38,919,456千円＝389.19億円の桁検算OK（2026年3月期・単体）。一方、報道では同期の連結売上高505億200万円（前期比10.9%増）とされ、親会社のため連結でも基準クリア。単体・連結いずれでも300億超で判定は動かないが、G列は単体値である旨を維持すること。"
3457,株式会社アイネット,7020001030145,389.87,G列,30.0,389.87億円（2025年3月期・連結）,"○ 妥当：株式会社アイネット（東証9600）は上場親会社のため連結値可（§3-3）。G列の2025年3月期連結389.87億円に加え、自社IRの2026年3月期第3四半期決算短信（2026年1月30日）で連結累計売上高30,796百万円＝307.96億円（前年同期比7.4%増）を確認。3四半期だけで既に300億超のため通期はさらに上振れし、基準を安定的に充足。より新しい2026年3月期通期値へのG"
958,株式会社ヤマウラ,6100001021418,390.04,G列,30.0,390.04億円（2026年3月期・単体）,"○ 妥当：(株)ヤマウラは東証上場の親会社。採用値39,004,120千円=390.0412億円で桁検算一致(千円単位の読み違いなし)。親会社が単体で300億以上のため§3-3を充足。出典はgBizINFO(EDINET有価証券報告書)で公的機関ソース(§5-3-3/§5-3-7)。法人番号6100001021418で照合済み。なお検索では同社2026年3月期決算短信・通期決算説明資料の存在は確認"
1407,大英産業株式会社,4290801010181,390.93,I列(訂正),30.3,390.9312億円（2025年9月期・単体）,○ 妥当（G列訂正：単体→連結）：福証（2974）上場の独立系親会社のため§3-3によりグループ連結値で可。出典の2025年9月期決算短信は〔日本基準〕（連結）であり、連結売上高390.93億円（前期比5.4%増）・営業利益13.05億円（同44.9%増）を再現確認。よってG列の「（2025年9月期・単体）」は表記誤りで、正しくは「390.93億円（2025年9月期・連結）」。単体値は未確認（親会
496,株式会社ヤヨイサンフーズ,4110001023241,391.0,G列,30.3,391億円（2025年度・単体）,"○ 妥当（薄い／§6-7 親会社の商号変更あり）：株式会社。年商391億円（2025年3月期）・従業員1,680名（2025年3月末）を確認しG列と一致。マルハニチロの子会社だが単体391億円で300億超のため§3-3を満たす。ただし超過幅は約30%＝450億未満で余裕が薄い。重要：親会社マルハニチロが2026年4月1日付で『Umios株式会社（ウミオス）』へ商号変更しており、検索上も同社は『Um"
1355,双日テックイノベーション株式会社,4010001053447,391.15,G列,30.4,391.15億円（2026年3月期・単体）,"○ 妥当：39,115百万円＝391.15億円で桁検算OK（§6-1）。2026年3月期の個別（単体）売上高39,115百万円を自社HP会社概要で再現。双日の子会社だが単体391.15億円で300億超のため§3-3適合。ただし採用値が450億円未満で基準の約1.3倍と薄い。※社名変更あり（§6-7）：旧社名「日商エレクトロニクス株式会社」→2023年4月1日に「双日テックイノベーション株式会社」へ"
831,コイト電工株式会社,6080101015719,391.59,G列,30.5,391.59億円（2026年3月期・単体）,"○ 妥当（構造確認・出典補強）：反証を試みたが覆らず。小糸製作所（7276）の完全子会社である点を再確認（旧持株会社KIホールディングス〔6747〕は2020/4/1に小糸製作所へ吸収合併され解散、以後コイト電工は直接の完全子会社）。子会社基準は単体300億以上で、2026年3月期の売上高391億5,963万円＝391.59億円は独立検索でも同額が再現でき、グループ連結値の誤用ではない。ただし20"
2722,藤田金屬株式会社,2110001004821,392.0,G列,30.7,392億円（2025年3月期・単体）,"○ 妥当（反証試行の結果、追認）。金額シード検索で392億円が単独の丸め値ではなく損益計算書の整合的な数表として再現：売上高392億200万円／営業利益9億300万円／経常利益9億9,700万円／純利益6億800万円。自社HP会社概要 https://www.fujita-kz.com/company/outline.html および採用サイト『数字で見る藤田金屬』https://www.fuji"
384,東海エレクトロニクス株式会社,4180001038563,393.0,G列,31.0,393億円（2026年3月期・連結）,"○ 妥当：2026年3月期決算短信（2026/4/28開示）で連結売上高393億6,200万円（前期比▲30.9%）を確認し、G列393億円（2026年3月期・連結）と整合。名証上場（8071）の親会社で連結値の採用は適正。ただし前期約570億円からの30.9%減収であり、第3四半期累計は299億9,500万円と300億円に肉薄していた。450億円を下回る薄いマージンで、減収トレンドが続けば次期（"
3373,株式会社サガミホールディングス,1180001000443,393.0,G列,31.0,393億円（2026年3月期・連結）,"○ 妥当：2026年3月期決算短信（連結・2026年5月14日開示）で売上高39,359百万円＝393.59億円を確認。G列393億円は正しい。持株会社へのアプローチのため連結値採用でルール適合（§3-3）。ただし300億超の余裕は約93億と薄いため、次期開示時に再点検推奨。"
1366,北陸コカ・コーラボトリング株式会社,8230001010901,393.45,G列,31.1,393.45億円（2025年・単体）,"○ 妥当：自社HP会社概要（page_id=245）記載の2025年売上高393億4,500万円（前年比+0.81%）を再現。単体値でありグループ値の混入なし。300億は充足するが超過幅は+93億で薄い。G列の決算期表記が「2025年」で期末月が不明のため、期の明示（第65期・○月期）を推奨。"
304,ダイハツ千葉販売株式会社,1040001004788,393.66,G列,31.2,393.66億円（2025年度）,"○ 妥当（本検証で確証）：自社ドメイン限定検索で会社概要ページの売上高393億6,640万円（2025年度）・年間登録届出台数21,291台を再取得し、G列393.66億円と完全一致。株式会社・単体で300億超。※300億に対する余裕は約1.31倍と薄く、減収時は条件割れの可能性あり要監視。※正しいURLは大文字表記の https://www.daihatsu-chiba.co.jp/Compan"
1811,岐阜トヨタ自動車株式会社,8200001001416,394.49,G列,31.5,"394億4,900万円（2025年3月期・単体）","○ 妥当：自社HP会社情報で「売上高394億4,900万円（令和7年3月期＝2025年3月期）」を再現確認。所在地岐阜市金園町9-28・資本金3,000万円・従業員506名（令和7年3月現在）が法人番号8200001001416（岐阜）と整合。本パスで2026年3月期の有無を確認したが承認ソース上の最新公表は令和7年3月期で、2025年3月期は直近3期内のため採用可。トヨタ系販売店だが単体394."
3512,株式会社ニッコー,8040001072911,395.0,G列,31.7,395億円（2026年3月期・単体）,○ 妥当：自社会社概要・沿革ページで年商395億円（2026年3月期）、資本金4.2億円、従業員338名（2026年4月1日）、伊藤忠丸紅鉄鋼100%出資を確認。子会社だが対象法人自身の年商が300億超のため§3-3適合。株式会社・直近期。300億超の余裕は約95億で、鋼管市況次第では割り込みうる水準のため次期は要再確認。
224,グローバルピッグファーム株式会社,8070001018234,396.0,G列,32.0,396.00億円（2024年度実績）,"○ 妥当：自社HP会社情報(gpf.co.jp/co-about.html)で2024年度実績の売上高396億円、従業員194名（2025年2月時点）、群馬県渋川市北橘町上箱田800、設立1983年6月、資本金1億7,920万円を確認。法人番号8070001018234もgBizINFOで一致。養豚農家出資による独立系で支配的親会社は確認されず、H列の「親会社なし」注記と矛盾しない。留意点は(1)"
1967,コスモエンジニアリング株式会社,2010701003348,396.0,G列,32.0,396億円（2026年3月期・単体）,"○ 妥当：自社HP会社概要に2026年3月31日現在の売上高396億円、従業員436名、株主コスモエネルギーホールディングス株式会社と明記。子会社だが単体396億円で§3-3を満たす。決算期も直近（§3-8）。なお決算公告系では442億4,100万円との別値も流通するが、いずれも300億超で判定は不変。同名の「コスモエンジニアリング株式会社（cosmo-eng.com／プラント設計）」が別に存在す"
2735,株式会社ＹＡＭＡＮＡＫＡ,4020001071646,396.0,G列,32.0,396億円（2025年8月期・単体）,○ 妥当：H列の出典URL https://www.clean-yamanaka.com/ja/company/outline.html は実在する自社HP会社概要ページで、株式会社YAMANAKA（本社 神奈川県川崎市幸区中幸町3-3-1、金属資源リサイクル、2023年で創業100周年）と同定一致。法人番号4020001071646（横浜法務局管内）とも整合。決算期が8月期であることは独立の求人
3372,株式会社東和銀行,2070001003514,396.34,G列,32.1,396.34億円（2026年3月期・単体・経常収益）,○ 妥当：東証上場（8558）の銀行本体で持株会社を持たない親会社。銀行は売上高科目がないため経常収益を採用（§3-7）。2026年3月期中間の連結経常収益205.46億円（半期）と通期単体396.34億円が整合し、300億割れの余地はない。ただし採用値450億円未満のため薄マージン扱い。
751,株式会社出前館,3120001089729,397.21,I列(訂正),32.4,397.21億円（2025年8月期・単体）,"○ 妥当（G列訂正：397.21億円（39,721百万円）は2025年8月期・連結。決算短信は〔日本基準〕(連結)であり「単体」表記は誤り）：数値は決算短信で再現（前期比▲21.2%）。親子判定を再検証：LINEヤフーの出前館株式保有比率は37.43%（2024年7月変更報告書）で、LY社は出前館を連結子会社ではなく非連結の持分法適用関連会社として維持と開示。よって親会社側判定となり自社連結397"
2,常洋水産株式会社,1050001001165,398.64,G列,32.9,398.64億円（2026年3月期・単体）,○ 妥当（1次の△を覆す）：どちらの数値を採っても300億を大きく超え、架電可否の結論は動かない。追加でjoyosuisan.com「会社概要」「ごあいさつ」を3クエリ再検索したが、いずれも1次と同じ「2025年3月期 売上高388.39億円／経常利益6.08億円／従業員 男220名・女136名（2025年3月31日現在）」を返した。従業員数の基準日が2025年3月31日で固定されている＝検索イン
